patient_id,week,lesson,viewed,comprehension_check_correct
P001,1,Why we track your daily weight,False,
P001,2,What your symptom score means,True,True
P001,3,Taking your heart medicines on schedule,True,True
P001,4,When to call your care team,False,
P001,5,Why we track your daily weight,True,True
P001,6,What your symptom score means,True,True
P001,7,Taking your heart medicines on schedule,True,False
P001,8,When to call your care team,True,True
P002,1,Why we track your daily weight,True,True
P002,2,What your symptom score means,True,True
P002,3,Taking your heart medicines on schedule,True,True
P002,4,When to call your care team,True,True
P002,5,Why we track your daily weight,True,True
P002,6,What your symptom score means,True,False
P002,7,Taking your heart medicines on schedule,True,True
P002,8,When to call your care team,True,True
P003,1,Why we track your daily weight,False,
P003,2,What your symptom score means,True,True
P003,3,Taking your heart medicines on schedule,True,True
P003,4,When to call your care team,True,True
P003,5,Why we track your daily weight,True,True
P003,6,What your symptom score means,False,
P003,7,Taking your heart medicines on schedule,True,True
P003,8,When to call your care team,True,True
P004,1,Why we track your daily weight,True,True
P004,2,What your symptom score means,True,True
P004,3,Taking your heart medicines on schedule,True,True
P004,4,When to call your care team,True,True
P004,5,Why we track your daily weight,False,
P004,6,What your symptom score means,True,True
P004,7,Taking your heart medicines on schedule,True,True
P004,8,When to call your care team,True,True
P005,1,Why we track your daily weight,False,
P005,2,What your symptom score means,True,True
P005,3,Taking your heart medicines on schedule,True,False
P005,4,When to call your care team,False,
P005,5,Why we track your daily weight,True,True
P005,6,What your symptom score means,True,True
P005,7,Taking your heart medicines on schedule,True,True
P005,8,When to call your care team,False,
P006,1,Why we track your daily weight,True,False
P006,2,What your symptom score means,True,True
P006,3,Taking your heart medicines on schedule,True,True
P006,4,When to call your care team,True,True
P006,5,Why we track your daily weight,False,
P006,6,What your symptom score means,True,True
P006,7,Taking your heart medicines on schedule,True,False
P006,8,When to call your care team,True,True
P007,1,Why we track your daily weight,True,False
P007,2,What your symptom score means,True,True
P007,3,Taking your heart medicines on schedule,True,True
P007,4,When to call your care team,True,True
P007,5,Why we track your daily weight,True,True
P007,6,What your symptom score means,False,
P007,7,Taking your heart medicines on schedule,True,True
P007,8,When to call your care team,True,True
P008,1,Why we track your daily weight,False,
P008,2,What your symptom score means,True,True
P008,3,Taking your heart medicines on schedule,False,
P008,4,When to call your care team,True,True
P008,5,Why we track your daily weight,True,True
P008,6,What your symptom score means,True,True
P008,7,Taking your heart medicines on schedule,True,True
P008,8,When to call your care team,True,True
P009,1,Why we track your daily weight,True,True
P009,2,What your symptom score means,True,True
P009,3,Taking your heart medicines on schedule,True,True
P009,4,When to call your care team,True,True
P009,5,Why we track your daily weight,True,True
P009,6,What your symptom score means,False,
P009,7,Taking your heart medicines on schedule,True,True
P009,8,When to call your care team,True,True
P010,1,Why we track your daily weight,False,
P010,2,What your symptom score means,True,True
P010,3,Taking your heart medicines on schedule,True,False
P010,4,When to call your care team,True,False
P010,5,Why we track your daily weight,False,
P010,6,What your symptom score means,False,
P010,7,Taking your heart medicines on schedule,True,True
P010,8,When to call your care team,True,True
P011,1,Why we track your daily weight,True,True
P011,2,What your symptom score means,True,False
P011,3,Taking your heart medicines on schedule,True,True
P011,4,When to call your care team,True,True
P011,5,Why we track your daily weight,True,True
P011,6,What your symptom score means,True,True
P011,7,Taking your heart medicines on schedule,True,True
P011,8,When to call your care team,True,False
P012,1,Why we track your daily weight,True,True
P012,2,What your symptom score means,True,True
P012,3,Taking your heart medicines on schedule,True,True
P012,4,When to call your care team,True,True
P012,5,Why we track your daily weight,True,True
P012,6,What your symptom score means,True,True
P012,7,Taking your heart medicines on schedule,True,True
P012,8,When to call your care team,True,True
P013,1,Why we track your daily weight,True,True
P013,2,What your symptom score means,True,True
P013,3,Taking your heart medicines on schedule,True,True
P013,4,When to call your care team,True,True
P013,5,Why we track your daily weight,True,True
P013,6,What your symptom score means,True,False
P013,7,Taking your heart medicines on schedule,True,True
P013,8,When to call your care team,False,
P014,1,Why we track your daily weight,True,True
P014,2,What your symptom score means,True,True
P014,3,Taking your heart medicines on schedule,False,
P014,4,When to call your care team,True,True
P014,5,Why we track your daily weight,True,True
P014,6,What your symptom score means,False,
P014,7,Taking your heart medicines on schedule,True,True
P014,8,When to call your care team,True,True
P015,1,Why we track your daily weight,True,False
P015,2,What your symptom score means,True,True
P015,3,Taking your heart medicines on schedule,True,True
P015,4,When to call your care team,True,True
P015,5,Why we track your daily weight,True,True
P015,6,What your symptom score means,False,
P015,7,Taking your heart medicines on schedule,True,True
P015,8,When to call your care team,True,True
P016,1,Why we track your daily weight,False,
P016,2,What your symptom score means,False,
P016,3,Taking your heart medicines on schedule,False,
P016,4,When to call your care team,True,True
P016,5,Why we track your daily weight,True,True
P016,6,What your symptom score means,True,True
P016,7,Taking your heart medicines on schedule,True,True
P016,8,When to call your care team,False,
P017,1,Why we track your daily weight,False,
P017,2,What your symptom score means,False,
P017,3,Taking your heart medicines on schedule,True,True
P017,4,When to call your care team,True,True
P017,5,Why we track your daily weight,True,True
P017,6,What your symptom score means,True,True
P017,7,Taking your heart medicines on schedule,True,True
P017,8,When to call your care team,False,
P018,1,Why we track your daily weight,True,True
P018,2,What your symptom score means,True,True
P018,3,Taking your heart medicines on schedule,True,True
P018,4,When to call your care team,False,
P018,5,Why we track your daily weight,True,False
P018,6,What your symptom score means,True,True
P018,7,Taking your heart medicines on schedule,True,True
P018,8,When to call your care team,True,True
P019,1,Why we track your daily weight,True,False
P019,2,What your symptom score means,False,
P019,3,Taking your heart medicines on schedule,True,True
P019,4,When to call your care team,True,True
P019,5,Why we track your daily weight,False,
P019,6,What your symptom score means,True,True
P019,7,Taking your heart medicines on schedule,True,True
P019,8,When to call your care team,True,True
P020,1,Why we track your daily weight,True,True
P020,2,What your symptom score means,True,False
P020,3,Taking your heart medicines on schedule,True,False
P020,4,When to call your care team,True,True
P020,5,Why we track your daily weight,True,True
P020,6,What your symptom score means,True,True
P020,7,Taking your heart medicines on schedule,True,True
P020,8,When to call your care team,True,True
