patient_id,week,goal,target_value,achieved_value,goal_type
P001,1,Log your weight every day,7.0,7.0,adherence
P001,1,Keep symptom score below 2,2.0,1.16,clinical
P001,2,Log your weight every day,7.0,7.0,adherence
P001,2,Keep symptom score below 2,2.0,0.79,clinical
P001,3,Log your weight every day,7.0,4.0,adherence
P001,3,Keep symptom score below 2,2.0,1.02,clinical
P001,4,Log your weight every day,7.0,7.0,adherence
P001,4,Keep symptom score below 2,2.0,1.03,clinical
P001,5,Log your weight every day,7.0,6.0,adherence
P001,5,Keep symptom score below 2,2.0,0.75,clinical
P001,6,Log your weight every day,7.0,7.0,adherence
P001,6,Keep symptom score below 2,2.0,1.14,clinical
P001,7,Log your weight every day,7.0,5.0,adherence
P001,7,Keep symptom score below 2,2.0,1.26,clinical
P001,8,Log your weight every day,7.0,6.0,adherence
P001,8,Keep symptom score below 2,2.0,1.1,clinical
P002,1,Log your weight every day,7.0,6.0,adherence
P002,1,Keep symptom score below 2,2.0,1.38,clinical
P002,2,Log your weight every day,7.0,6.0,adherence
P002,2,Keep symptom score below 2,2.0,1.6,clinical
P002,3,Log your weight every day,7.0,5.0,adherence
P002,3,Keep symptom score below 2,2.0,1.74,clinical
P002,4,Log your weight every day,7.0,6.0,adherence
P002,4,Keep symptom score below 2,2.0,1.89,clinical
P002,4,Reduce weight by 1kg this week,-1.0,,conflicting_stale_goal
P002,5,Log your weight every day,7.0,6.0,adherence
P002,5,Keep symptom score below 2,2.0,3.07,clinical
P002,6,Log your weight every day,7.0,6.0,adherence
P002,6,Keep symptom score below 2,2.0,2.95,clinical
P002,7,Log your weight every day,7.0,5.0,adherence
P002,7,Keep symptom score below 2,2.0,3.03,clinical
P002,8,Log your weight every day,7.0,5.0,adherence
P002,8,Keep symptom score below 2,2.0,2.79,clinical
P003,1,Log your weight every day,7.0,7.0,adherence
P003,1,Keep symptom score below 2,2.0,0.41,clinical
P003,2,Log your weight every day,7.0,7.0,adherence
P003,2,Keep symptom score below 2,2.0,0.43,clinical
P003,3,Log your weight every day,7.0,6.0,adherence
P003,3,Keep symptom score below 2,2.0,0.41,clinical
P003,4,Log your weight every day,7.0,6.0,adherence
P003,4,Keep symptom score below 2,2.0,0.73,clinical
P003,5,Log your weight every day,7.0,7.0,adherence
P003,5,Keep symptom score below 2,2.0,0.41,clinical
P003,6,Log your weight every day,7.0,7.0,adherence
P003,6,Keep symptom score below 2,2.0,0.29,clinical
P003,7,Log your weight every day,7.0,7.0,adherence
P003,7,Keep symptom score below 2,2.0,0.7,clinical
P003,8,Log your weight every day,7.0,7.0,adherence
P003,8,Keep symptom score below 2,2.0,0.67,clinical
P004,1,Log your weight every day,7.0,4.0,adherence
P004,1,Keep symptom score below 2,2.0,1.31,clinical
P004,2,Log your weight every day,7.0,7.0,adherence
P004,2,Keep symptom score below 2,2.0,1.33,clinical
P004,3,Log your weight every day,7.0,6.0,adherence
P004,3,Keep symptom score below 2,2.0,1.36,clinical
P004,4,Log your weight every day,7.0,4.0,adherence
P004,4,Keep symptom score below 2,2.0,1.22,clinical
P004,5,Log your weight every day,7.0,6.0,adherence
P004,5,Keep symptom score below 2,2.0,1.57,clinical
P004,6,Log your weight every day,7.0,7.0,adherence
P004,6,Keep symptom score below 2,2.0,1.07,clinical
P004,7,Log your weight every day,7.0,7.0,adherence
P004,7,Keep symptom score below 2,2.0,1.59,clinical
P004,8,Log your weight every day,7.0,7.0,adherence
P004,8,Keep symptom score below 2,2.0,1.01,clinical
P005,1,Log your weight every day,7.0,5.0,adherence
P005,1,Keep symptom score below 2,2.0,1.37,clinical
P005,2,Log your weight every day,7.0,7.0,adherence
P005,2,Keep symptom score below 2,2.0,1.24,clinical
P005,3,Log your weight every day,7.0,7.0,adherence
P005,3,Keep symptom score below 2,2.0,1.4,clinical
P005,4,Log your weight every day,7.0,4.0,adherence
P005,4,Keep symptom score below 2,2.0,1.14,clinical
P005,5,Log your weight every day,7.0,5.0,adherence
P005,5,Keep symptom score below 2,2.0,1.09,clinical
P005,6,Log your weight every day,7.0,5.0,adherence
P005,6,Keep symptom score below 2,2.0,0.76,clinical
P005,7,Log your weight every day,7.0,7.0,adherence
P005,7,Keep symptom score below 2,2.0,0.9,clinical
P005,8,Log your weight every day,7.0,4.0,adherence
P005,8,Keep symptom score below 2,2.0,1.17,clinical
P006,1,Log your weight every day,7.0,3.0,adherence
P006,1,Keep symptom score below 2,2.0,1.85,clinical
P006,2,Log your weight every day,7.0,6.0,adherence
P006,2,Keep symptom score below 2,2.0,2.27,clinical
P006,3,Log your weight every day,7.0,4.0,adherence
P006,3,Keep symptom score below 2,2.0,2.1,clinical
P006,4,Log your weight every day,7.0,6.0,adherence
P006,4,Keep symptom score below 2,2.0,2.41,clinical
P006,5,Log your weight every day,7.0,3.0,adherence
P006,5,Keep symptom score below 2,2.0,2.09,clinical
P006,6,Log your weight every day,7.0,4.0,adherence
P006,6,Keep symptom score below 2,2.0,1.84,clinical
P006,7,Log your weight every day,7.0,5.0,adherence
P006,7,Keep symptom score below 2,2.0,2.6,clinical
P006,8,Log your weight every day,7.0,5.0,adherence
P006,8,Keep symptom score below 2,2.0,1.91,clinical
P007,1,Log your weight every day,7.0,6.0,adherence
P007,1,Keep symptom score below 2,2.0,1.01,clinical
P007,2,Log your weight every day,7.0,6.0,adherence
P007,2,Keep symptom score below 2,2.0,0.91,clinical
P007,3,Log your weight every day,7.0,7.0,adherence
P007,3,Keep symptom score below 2,2.0,1.01,clinical
P007,4,Log your weight every day,7.0,6.0,adherence
P007,4,Keep symptom score below 2,2.0,0.93,clinical
P007,5,Log your weight every day,7.0,6.0,adherence
P007,5,Keep symptom score below 2,2.0,0.97,clinical
P007,6,Log your weight every day,7.0,7.0,adherence
P007,6,Keep symptom score below 2,2.0,0.76,clinical
P007,7,Log your weight every day,7.0,7.0,adherence
P007,7,Keep symptom score below 2,2.0,0.81,clinical
P007,8,Log your weight every day,7.0,6.0,adherence
P007,8,Keep symptom score below 2,2.0,1.05,clinical
P008,1,Log your weight every day,7.0,3.0,adherence
P008,1,Keep symptom score below 2,2.0,1.37,clinical
P008,2,Log your weight every day,7.0,4.0,adherence
P008,2,Keep symptom score below 2,2.0,1.16,clinical
P008,3,Log your weight every day,7.0,3.0,adherence
P008,3,Keep symptom score below 2,2.0,1.57,clinical
P008,4,Log your weight every day,7.0,5.0,adherence
P008,4,Keep symptom score below 2,2.0,1.46,clinical
P008,5,Log your weight every day,7.0,2.0,adherence
P008,5,Keep symptom score below 2,2.0,1.43,clinical
P008,6,Log your weight every day,7.0,3.0,adherence
P008,6,Keep symptom score below 2,2.0,1.41,clinical
P008,7,Log your weight every day,7.0,5.0,adherence
P008,7,Keep symptom score below 2,2.0,1.33,clinical
P008,8,Log your weight every day,7.0,4.0,adherence
P008,8,Keep symptom score below 2,2.0,1.7,clinical
