patient_id,date,day_index,week,weight_kg,resting_hr,systolic_bp,symptom_score_0_4,dry_weight_kg
P001,2026-01-05,0,1,89.7,67.0,118.0,1.1,89.3
P001,2026-01-06,1,1,89.9,73.0,133.0,1.3,89.3
P001,2026-01-07,2,1,89.9,72.0,122.0,1.7,89.3
P001,2026-01-08,3,1,90.0,74.0,128.0,2.3,89.3
P001,2026-01-09,4,1,90.4,72.0,121.0,0.5,89.3
P001,2026-01-10,5,1,90.6,70.0,127.0,1.1,89.3
P001,2026-01-11,6,1,90.6,73.0,130.0,0.1,89.3
P001,2026-01-12,7,2,91.1,70.0,132.0,0.0,89.3
P001,2026-01-13,8,2,91.4,71.0,123.0,1.5,89.3
P001,2026-01-14,9,2,91.5,73.0,130.0,0.7,89.3
P001,2026-01-15,10,2,91.3,71.0,123.0,0.3,89.3
P001,2026-01-16,11,2,91.4,74.0,125.0,0.7,89.3
P001,2026-01-17,12,2,91.1,74.0,120.0,0.8,89.3
P001,2026-01-18,13,2,91.0,70.0,124.0,1.5,89.3
P001,2026-01-19,14,3,90.5,73.0,123.0,1.1,89.3
P001,2026-01-20,15,3,90.5,73.0,134.0,1.5,89.3
P001,2026-01-21,16,3,,,,,89.3
P001,2026-01-22,17,3,89.8,73.0,131.0,2.2,89.3
P001,2026-01-23,18,3,9.9,,,,89.3
P001,2026-01-24,19,3,90.0,72.0,120.0,0.0,89.3
P001,2026-01-25,20,3,90.0,75.0,123.0,0.3,89.3
P001,2026-01-26,21,4,90.3,70.0,131.0,1.2,89.3
P001,2026-01-27,22,4,90.1,69.0,118.0,1.1,89.3
P001,2026-01-28,23,4,90.6,73.0,123.0,1.7,89.3
P001,2026-01-29,24,4,90.1,77.0,136.0,0.9,89.3
P001,2026-01-30,25,4,89.8,74.0,123.0,1.0,89.3
P001,2026-01-31,26,4,90.0,66.0,125.0,0.5,89.3
P001,2026-02-01,27,4,89.5,72.0,123.0,0.8,89.3
P001,2026-02-02,28,5,89.2,72.0,127.0,1.1,89.3
P001,2026-02-03,29,5,89.9,70.0,124.0,0.1,89.3
P001,2026-02-04,30,5,89.7,66.0,125.0,0.4,89.3
P001,2026-02-05,31,5,90.0,72.0,115.0,0.1,89.3
P001,2026-02-06,32,5,91.0,69.0,124.0,1.2,89.3
P001,2026-02-07,33,5,,,,,89.3
P001,2026-02-08,34,5,91.3,71.0,129.0,1.6,89.3
P001,2026-02-09,35,6,91.0,73.0,125.0,2.3,89.3
P001,2026-02-10,36,6,91.1,69.0,133.0,1.2,89.3
P001,2026-02-11,37,6,90.7,71.0,127.0,1.0,89.3
P001,2026-02-12,38,6,91.2,65.0,124.0,1.1,89.3
P001,2026-02-13,39,6,91.8,68.0,131.0,0.8,89.3
P001,2026-02-14,40,6,92.0,78.0,133.0,1.3,89.3
P001,2026-02-15,41,6,92.0,70.0,132.0,0.3,89.3
P001,2026-02-16,42,7,92.2,78.0,130.0,0.1,89.3
P001,2026-02-17,43,7,92.5,70.0,120.0,1.0,89.3
P001,2026-02-18,44,7,92.8,74.0,112.0,1.2,89.3
P001,2026-02-19,45,7,92.6,74.0,116.0,1.9,89.3
P001,2026-02-20,46,7,93.0,73.0,127.0,1.2,89.3
P001,2026-02-21,47,7,93.3,69.0,125.0,1.9,89.3
P001,2026-02-22,48,7,93.3,76.0,131.0,1.5,89.3
P001,2026-02-23,49,8,93.9,71.0,126.0,1.8,89.3
P001,2026-02-24,50,8,94.0,74.0,127.0,0.2,89.3
P001,2026-02-25,51,8,,,,,89.3
P001,2026-02-26,52,8,94.2,73.0,131.0,0.8,89.3
P001,2026-02-27,53,8,93.5,68.0,117.0,0.0,89.3
P001,2026-02-28,54,8,93.8,76.0,125.0,1.8,89.3
P001,2026-03-01,55,8,93.5,71.0,131.0,2.0,89.3
P002,2026-01-05,0,1,85.9,62.0,118.0,1.6,86.3
P002,2026-01-06,1,1,,,,,86.3
P002,2026-01-07,2,1,86.3,67.0,110.0,2.5,86.3
P002,2026-01-08,3,1,86.5,71.0,113.0,1.6,86.3
P002,2026-01-09,4,1,87.5,65.0,102.0,0.5,86.3
P002,2026-01-10,5,1,87.1,71.0,107.0,0.9,86.3
P002,2026-01-11,6,1,86.9,67.0,116.0,1.2,86.3
P002,2026-01-12,7,2,86.3,69.0,113.0,2.4,86.3
P002,2026-01-13,8,2,86.8,69.0,112.0,2.2,86.3
P002,2026-01-14,9,2,86.9,73.0,110.0,1.0,86.3
P002,2026-01-15,10,2,88.2,69.0,114.0,1.0,86.3
P002,2026-01-16,11,2,86.8,70.0,122.0,1.2,86.3
P002,2026-01-17,12,2,86.9,61.0,109.0,2.1,86.3
P002,2026-01-18,13,2,86.7,66.0,120.0,1.3,86.3
P002,2026-01-19,14,3,85.8,69.0,112.0,1.2,86.3
P002,2026-01-20,15,3,85.8,64.0,105.0,1.1,86.3
P002,2026-01-21,16,3,86.1,66.0,115.0,2.7,86.3
P002,2026-01-22,17,3,86.4,71.0,111.0,1.9,86.3
P002,2026-01-23,18,3,87.3,66.0,114.0,0.8,86.3
P002,2026-01-24,19,3,87.8,70.0,109.0,2.4,86.3
P002,2026-01-25,20,3,87.8,65.0,105.0,2.1,86.3
P002,2026-01-26,21,4,87.7,61.0,107.0,2.0,86.3
P002,2026-01-27,22,4,88.1,70.0,111.0,1.9,86.3
P002,2026-01-28,23,4,90.0,69.0,118.0,2.1,86.3
P002,2026-01-29,24,4,90.3,68.0,117.0,2.0,86.3
P002,2026-01-30,25,4,90.4,74.0,100.0,1.4,86.3
P002,2026-01-31,26,4,90.4,67.0,120.0,1.5,86.3
P002,2026-02-01,27,4,89.9,69.0,108.0,2.3,86.3
P002,2026-02-02,28,5,90.4,74.0,134.0,2.2,86.3
P002,2026-02-03,29,5,90.8,72.0,118.0,2.7,86.3
P002,2026-02-04,30,5,90.1,76.0,114.0,2.9,86.3
P002,2026-02-05,31,5,89.8,74.0,120.0,3.0,86.3
P002,2026-02-06,32,5,90.8,78.0,114.0,3.4,86.3
P002,2026-02-07,33,5,90.4,72.0,113.0,3.9,86.3
P002,2026-02-08,34,5,90.1,75.0,117.0,3.4,86.3
P002,2026-02-09,35,6,90.3,69.0,129.0,2.8,86.3
P002,2026-02-10,36,6,,,,,86.3
P002,2026-02-11,37,6,91.3,71.0,119.0,3.5,86.3
P002,2026-02-12,38,6,91.1,77.0,114.0,2.9,86.3
P002,2026-02-13,39,6,92.0,69.0,117.0,2.9,86.3
P002,2026-02-14,40,6,92.4,70.0,112.0,2.8,86.3
P002,2026-02-15,41,6,93.0,77.0,121.0,2.8,86.3
P002,2026-02-16,42,7,93.7,75.0,120.0,3.7,86.3
P002,2026-02-17,43,7,93.0,73.0,114.0,3.4,86.3
P002,2026-02-18,44,7,92.5,76.0,118.0,2.8,86.3
P002,2026-02-19,45,7,93.2,74.0,124.0,2.2,86.3
P002,2026-02-20,46,7,93.4,74.0,127.0,3.9,86.3
P002,2026-02-21,47,7,94.4,77.0,115.0,2.6,86.3
P002,2026-02-22,48,7,93.9,76.0,116.0,2.6,86.3
P002,2026-02-23,49,8,94.6,74.0,118.0,2.1,86.3
P002,2026-02-24,50,8,95.3,75.0,118.0,2.9,86.3
P002,2026-02-25,51,8,96.4,78.0,125.0,3.1,86.3
P002,2026-02-26,52,8,96.4,74.0,113.0,3.6,86.3
P002,2026-02-27,53,8,97.0,66.0,120.0,2.5,86.3
P002,2026-02-28,54,8,96.5,70.0,108.0,3.0,86.3
P002,2026-03-01,55,8,96.3,80.0,115.0,2.3,86.3
P003,2026-01-05,0,1,73.0,68.0,121.0,0.1,73.1
P003,2026-01-06,1,1,73.2,71.0,114.0,0.6,73.1
P003,2026-01-07,2,1,73.0,72.0,108.0,0.9,73.1
P003,2026-01-08,3,1,73.0,71.0,118.0,0.1,73.1
P003,2026-01-09,4,1,73.0,73.0,122.0,0.0,73.1
P003,2026-01-10,5,1,73.0,74.0,112.0,0.6,73.1
P003,2026-01-11,6,1,73.0,68.0,121.0,0.6,73.1
P003,2026-01-12,7,2,73.2,73.0,104.0,1.5,73.1
P003,2026-01-13,8,2,72.8,74.0,117.0,0.1,73.1
P003,2026-01-14,9,2,73.1,75.0,117.0,1.1,73.1
P003,2026-01-15,10,2,73.3,68.0,121.0,0.0,73.1
P003,2026-01-16,11,2,73.8,71.0,132.0,0.3,73.1
P003,2026-01-17,12,2,73.8,74.0,121.0,0.0,73.1
P003,2026-01-18,13,2,74.4,68.0,126.0,0.0,73.1
P003,2026-01-19,14,3,74.9,69.0,126.0,1.3,73.1
P003,2026-01-20,15,3,74.9,73.0,126.0,0.2,73.1
P003,2026-01-21,16,3,75.0,81.0,113.0,0.3,73.1
P003,2026-01-22,17,3,75.6,70.0,128.0,0.0,73.1
P003,2026-01-23,18,3,75.2,66.0,110.0,0.0,73.1
P003,2026-01-24,19,3,75.0,73.0,117.0,0.5,73.1
P003,2026-01-25,20,3,75.3,69.0,117.0,0.6,73.1
P003,2026-01-26,21,4,74.9,72.0,113.0,2.3,73.1
P003,2026-01-27,22,4,75.3,71.0,125.0,0.9,73.1
P003,2026-01-28,23,4,75.1,75.0,120.0,0.4,73.1
P003,2026-01-29,24,4,74.4,74.0,128.0,0.1,73.1
P003,2026-01-30,25,4,74.7,71.0,111.0,0.8,73.1
P003,2026-01-31,26,4,74.7,74.0,126.0,0.0,73.1
P003,2026-02-01,27,4,75.0,69.0,110.0,0.6,73.1
P003,2026-02-02,28,5,75.2,68.0,118.0,0.0,73.1
P003,2026-02-03,29,5,75.3,62.0,127.0,0.5,73.1
P003,2026-02-04,30,5,74.8,74.0,113.0,0.0,73.1
P003,2026-02-05,31,5,74.8,72.0,118.0,0.7,73.1
P003,2026-02-06,32,5,74.6,72.0,120.0,0.8,73.1
P003,2026-02-07,33,5,74.5,69.0,113.0,0.4,73.1
P003,2026-02-08,34,5,75.1,73.0,127.0,0.5,73.1
P003,2026-02-09,35,6,75.1,69.0,129.0,0.0,73.1
P003,2026-02-10,36,6,74.7,73.0,123.0,0.9,73.1
P003,2026-02-11,37,6,74.2,72.0,128.0,0.0,73.1
P003,2026-02-12,38,6,74.3,69.0,120.0,0.0,73.1
P003,2026-02-13,39,6,73.7,76.0,105.0,1.0,73.1
P003,2026-02-14,40,6,73.4,73.0,111.0,0.0,73.1
P003,2026-02-15,41,6,73.7,72.0,118.0,0.1,73.1
P003,2026-02-16,42,7,73.7,71.0,128.0,0.6,73.1
P003,2026-02-17,43,7,73.5,67.0,105.0,1.1,73.1
P003,2026-02-18,44,7,73.8,75.0,110.0,1.2,73.1
P003,2026-02-19,45,7,73.3,67.0,115.0,1.1,73.1
P003,2026-02-20,46,7,73.0,67.0,119.0,0.0,73.1
P003,2026-02-21,47,7,72.8,67.0,120.0,0.0,73.1
P003,2026-02-22,48,7,73.3,73.0,117.0,0.9,73.1
P003,2026-02-23,49,8,73.4,73.0,119.0,0.8,73.1
P003,2026-02-24,50,8,73.6,70.0,121.0,1.4,73.1
P003,2026-02-25,51,8,74.2,73.0,127.0,0.0,73.1
P003,2026-02-26,52,8,74.6,69.0,123.0,0.4,73.1
P003,2026-02-27,53,8,74.9,71.0,119.0,0.4,73.1
P003,2026-02-28,54,8,74.8,72.0,129.0,0.5,73.1
P003,2026-03-01,55,8,75.2,68.0,123.0,1.2,73.1
P004,2026-01-05,0,1,84.6,75.0,119.0,1.5,84.3
P004,2026-01-06,1,1,84.2,69.0,125.0,1.7,84.3
P004,2026-01-07,2,1,83.5,71.0,133.0,1.1,84.3
P004,2026-01-08,3,1,83.2,71.0,122.0,0.2,84.3
P004,2026-01-09,4,1,84.1,77.0,113.0,1.6,84.3
P004,2026-01-10,5,1,83.7,74.0,131.0,1.7,84.3
P004,2026-01-11,6,1,83.8,76.0,122.0,1.4,84.3
P004,2026-01-12,7,2,84.0,69.0,120.0,1.3,84.3
P004,2026-01-13,8,2,83.4,76.0,120.0,1.4,84.3
P004,2026-01-14,9,2,83.1,74.0,126.0,1.9,84.3
P004,2026-01-15,10,2,82.4,71.0,114.0,0.7,84.3
P004,2026-01-16,11,2,82.2,73.0,130.0,0.6,84.3
P004,2026-01-17,12,2,83.0,79.0,116.0,0.4,84.3
P004,2026-01-18,13,2,83.6,73.0,122.0,3.0,84.3
P004,2026-01-19,14,3,83.1,78.0,117.0,1.3,84.3
P004,2026-01-20,15,3,83.0,71.0,122.0,0.4,84.3
P004,2026-01-21,16,3,83.6,74.0,124.0,1.8,84.3
P004,2026-01-22,17,3,84.3,66.0,136.0,1.7,84.3
P004,2026-01-23,18,3,84.9,72.0,110.0,1.3,84.3
P004,2026-01-24,19,3,84.9,76.0,128.0,0.9,84.3
P004,2026-01-25,20,3,84.9,76.0,119.0,2.1,84.3
P004,2026-01-26,21,4,84.9,75.0,119.0,1.8,84.3
P004,2026-01-27,22,4,,,,,84.3
P004,2026-01-28,23,4,85.6,68.0,125.0,1.3,84.3
P004,2026-01-29,24,4,85.4,79.0,117.0,1.2,84.3
P004,2026-01-30,25,4,84.6,76.0,128.0,0.9,84.3
P004,2026-01-31,26,4,84.7,76.0,121.0,0.7,84.3
P004,2026-02-01,27,4,85.0,74.0,131.0,1.4,84.3
P004,2026-02-02,28,5,84.8,77.0,123.0,1.5,84.3
P004,2026-02-03,29,5,84.8,78.0,124.0,2.7,84.3
P004,2026-02-04,30,5,84.6,70.0,134.0,1.1,84.3
P004,2026-02-05,31,5,84.6,71.0,118.0,1.7,84.3
P004,2026-02-06,32,5,84.3,73.0,131.0,1.5,84.3
P004,2026-02-07,33,5,83.7,73.0,126.0,1.5,84.3
P004,2026-02-08,34,5,83.8,70.0,120.0,1.0,84.3
P004,2026-02-09,35,6,85.0,72.0,124.0,1.3,84.3
P004,2026-02-10,36,6,85.6,72.0,122.0,0.0,84.3
P004,2026-02-11,37,6,85.1,73.0,123.0,1.1,84.3
P004,2026-02-12,38,6,85.3,73.0,125.0,1.3,84.3
P004,2026-02-13,39,6,85.8,74.0,116.0,1.6,84.3
P004,2026-02-14,40,6,85.9,70.0,128.0,0.9,84.3
P004,2026-02-15,41,6,86.7,76.0,120.0,1.3,84.3
P004,2026-02-16,42,7,87.2,70.0,128.0,1.8,84.3
P004,2026-02-17,43,7,87.0,70.0,124.0,0.2,84.3
P004,2026-02-18,44,7,87.2,76.0,119.0,1.6,84.3
P004,2026-02-19,45,7,87.2,67.0,130.0,2.4,84.3
P004,2026-02-20,46,7,87.1,76.0,118.0,1.0,84.3
P004,2026-02-21,47,7,88.1,72.0,114.0,2.5,84.3
P004,2026-02-22,48,7,88.7,73.0,125.0,1.6,84.3
P004,2026-02-23,49,8,89.1,71.0,124.0,1.5,84.3
P004,2026-02-24,50,8,89.3,75.0,132.0,1.6,84.3
P004,2026-02-25,51,8,89.4,76.0,138.0,0.2,84.3
P004,2026-02-26,52,8,89.4,76.0,131.0,0.1,84.3
P004,2026-02-27,53,8,89.0,80.0,125.0,1.7,84.3
P004,2026-02-28,54,8,90.5,72.0,136.0,0.6,84.3
P004,2026-03-01,55,8,90.8,74.0,133.0,1.4,84.3
P005,2026-01-05,0,1,92.6,67.0,117.0,1.5,92.6
P005,2026-01-06,1,1,,,,,92.6
P005,2026-01-07,2,1,92.8,65.0,116.0,1.5,92.6
P005,2026-01-08,3,1,93.3,72.0,110.0,1.7,92.6
P005,2026-01-09,4,1,93.8,66.0,122.0,1.2,92.6
P005,2026-01-10,5,1,94.2,65.0,124.0,1.3,92.6
P005,2026-01-11,6,1,94.0,63.0,115.0,1.0,92.6
P005,2026-01-12,7,2,94.3,75.0,116.0,1.1,92.6
P005,2026-01-13,8,2,94.5,72.0,115.0,1.3,92.6
P005,2026-01-14,9,2,94.8,62.0,110.0,1.4,92.6
P005,2026-01-15,10,2,94.4,73.0,118.0,1.2,92.6
P005,2026-01-16,11,2,94.3,63.0,121.0,2.1,92.6
P005,2026-01-17,12,2,94.2,63.0,120.0,1.0,92.6
P005,2026-01-18,13,2,94.5,68.0,117.0,0.6,92.6
P005,2026-01-19,14,3,94.8,72.0,111.0,0.7,92.6
P005,2026-01-20,15,3,95.4,70.0,117.0,1.3,92.6
P005,2026-01-21,16,3,95.5,69.0,123.0,1.5,92.6
P005,2026-01-22,17,3,95.9,72.0,109.0,1.2,92.6
P005,2026-01-23,18,3,95.2,70.0,117.0,0.7,92.6
P005,2026-01-24,19,3,95.1,71.0,106.0,2.2,92.6
P005,2026-01-25,20,3,94.7,76.0,126.0,2.2,92.6
P005,2026-01-26,21,4,94.9,68.0,125.0,1.8,92.6
P005,2026-01-27,22,4,95.2,60.0,114.0,0.4,92.6
P005,2026-01-28,23,4,95.2,69.0,122.0,1.8,92.6
P005,2026-01-29,24,4,,,,,92.6
P005,2026-01-30,25,4,95.0,70.0,121.0,0.3,92.6
P005,2026-01-31,26,4,94.8,73.0,110.0,1.4,92.6
P005,2026-02-01,27,4,,,,,92.6
P005,2026-02-02,28,5,95.2,65.0,125.0,0.3,92.6
P005,2026-02-03,29,5,95.1,66.0,124.0,1.2,92.6
P005,2026-02-04,30,5,94.8,73.0,107.0,2.2,92.6
P005,2026-02-05,31,5,94.8,70.0,123.0,1.3,92.6
P005,2026-02-06,32,5,94.8,68.0,117.0,0.4,92.6
P005,2026-02-07,33,5,94.5,73.0,122.0,1.9,92.6
P005,2026-02-08,34,5,94.6,70.0,113.0,0.3,92.6
P005,2026-02-09,35,6,94.3,65.0,114.0,0.7,92.6
P005,2026-02-10,36,6,94.1,70.0,121.0,1.0,92.6
P005,2026-02-11,37,6,93.7,67.0,113.0,0.0,92.6
P005,2026-02-12,38,6,93.8,70.0,115.0,0.5,92.6
P005,2026-02-13,39,6,93.4,69.0,111.0,0.7,92.6
P005,2026-02-14,40,6,93.3,67.0,115.0,0.8,92.6
P005,2026-02-15,41,6,93.3,67.0,118.0,1.6,92.6
P005,2026-02-16,42,7,93.1,69.0,121.0,0.4,92.6
P005,2026-02-17,43,7,93.3,70.0,118.0,0.5,92.6
P005,2026-02-18,44,7,93.3,69.0,112.0,0.9,92.6
P005,2026-02-19,45,7,93.0,68.0,100.0,1.0,92.6
P005,2026-02-20,46,7,92.7,66.0,118.0,1.2,92.6
P005,2026-02-21,47,7,92.2,66.0,111.0,0.5,92.6
P005,2026-02-22,48,7,91.5,68.0,115.0,1.8,92.6
P005,2026-02-23,49,8,91.8,72.0,109.0,1.8,92.6
P005,2026-02-24,50,8,91.2,70.0,107.0,1.0,92.6
P005,2026-02-25,51,8,91.4,70.0,112.0,1.5,92.6
P005,2026-02-26,52,8,91.7,70.0,110.0,0.5,92.6
P005,2026-02-27,53,8,91.6,66.0,115.0,2.1,92.6
P005,2026-02-28,54,8,91.5,62.0,115.0,0.0,92.6
P005,2026-03-01,55,8,91.9,64.0,116.0,1.3,92.6
P006,2026-01-05,0,1,88.2,74.0,118.0,1.4,88.5
P006,2026-01-06,1,1,89.0,74.0,129.0,1.3,88.5
P006,2026-01-07,2,1,89.3,80.0,120.0,2.4,88.5
P006,2026-01-08,3,1,89.6,74.0,116.0,1.6,88.5
P006,2026-01-09,4,1,,,,,88.5
P006,2026-01-10,5,1,89.9,76.0,115.0,3.1,88.5
P006,2026-01-11,6,1,90.3,76.0,123.0,1.3,88.5
P006,2026-01-12,7,2,90.9,73.0,113.0,2.3,88.5
P006,2026-01-13,8,2,90.8,76.0,124.0,2.4,88.5
P006,2026-01-14,9,2,90.6,73.0,123.0,2.4,88.5
P006,2026-01-15,10,2,90.3,76.0,123.0,0.7,88.5
P006,2026-01-16,11,2,90.0,75.0,117.0,2.6,88.5
P006,2026-01-17,12,2,89.9,78.0,123.0,2.6,88.5
P006,2026-01-18,13,2,89.8,76.0,124.0,2.9,88.5
P006,2026-01-19,14,3,90.5,78.0,121.0,2.3,88.5
P006,2026-01-20,15,3,90.3,76.0,118.0,2.1,88.5
P006,2026-01-21,16,3,91.0,70.0,125.0,2.4,88.5
P006,2026-01-22,17,3,90.6,75.0,120.0,1.3,88.5
P006,2026-01-23,18,3,90.7,76.0,108.0,2.6,88.5
P006,2026-01-24,19,3,90.6,76.0,113.0,1.8,88.5
P006,2026-01-25,20,3,89.6,75.0,129.0,2.2,88.5
P006,2026-01-26,21,4,89.9,78.0,103.0,2.3,88.5
P006,2026-01-27,22,4,89.4,77.0,114.0,2.9,88.5
P006,2026-01-28,23,4,89.8,79.0,119.0,1.6,88.5
P006,2026-01-29,24,4,89.4,74.0,128.0,1.5,88.5
P006,2026-01-30,25,4,89.6,72.0,110.0,3.4,88.5
P006,2026-01-31,26,4,89.5,76.0,117.0,2.8,88.5
P006,2026-02-01,27,4,88.2,77.0,120.0,2.4,88.5
P006,2026-02-02,28,5,88.2,74.0,114.0,2.9,88.5
P006,2026-02-03,29,5,87.9,73.0,121.0,1.7,88.5
P006,2026-02-04,30,5,88.0,73.0,117.0,2.2,88.5
P006,2026-02-05,31,5,88.0,80.0,120.0,1.3,88.5
P006,2026-02-06,32,5,87.8,76.0,121.0,1.9,88.5
P006,2026-02-07,33,5,87.7,72.0,115.0,2.9,88.5
P006,2026-02-08,34,5,88.2,71.0,113.0,1.7,88.5
P006,2026-02-09,35,6,88.7,77.0,112.0,1.6,88.5
P006,2026-02-10,36,6,89.4,80.0,121.0,2.0,88.5
P006,2026-02-11,37,6,89.4,78.0,125.0,1.1,88.5
P006,2026-02-12,38,6,89.7,73.0,111.0,1.4,88.5
P006,2026-02-13,39,6,89.7,76.0,117.0,2.4,88.5
P006,2026-02-14,40,6,89.5,80.0,117.0,1.9,88.5
P006,2026-02-15,41,6,90.0,73.0,119.0,2.5,88.5
P006,2026-02-16,42,7,90.7,74.0,127.0,3.0,88.5
P006,2026-02-17,43,7,90.3,73.0,119.0,2.4,88.5
P006,2026-02-18,44,7,90.4,73.0,123.0,2.1,88.5
P006,2026-02-19,45,7,91.0,81.0,114.0,3.1,88.5
P006,2026-02-20,46,7,91.0,76.0,115.0,2.6,88.5
P006,2026-02-21,47,7,91.3,79.0,106.0,2.4,88.5
P006,2026-02-22,48,7,91.6,82.0,129.0,2.6,88.5
P006,2026-02-23,49,8,91.7,73.0,112.0,1.0,88.5
P006,2026-02-24,50,8,91.0,76.0,120.0,2.8,88.5
P006,2026-02-25,51,8,91.1,79.0,115.0,2.8,88.5
P006,2026-02-26,52,8,91.3,71.0,116.0,1.4,88.5
P006,2026-02-27,53,8,90.6,76.0,116.0,2.3,88.5
P006,2026-02-28,54,8,90.8,74.0,119.0,0.5,88.5
P006,2026-03-01,55,8,90.8,73.0,123.0,2.6,88.5
P007,2026-01-05,0,1,80.0,72.0,123.0,1.6,79.7
P007,2026-01-06,1,1,79.7,78.0,124.0,1.4,79.7
P007,2026-01-07,2,1,79.7,72.0,121.0,0.4,79.7
P007,2026-01-08,3,1,79.6,77.0,113.0,1.2,79.7
P007,2026-01-09,4,1,79.9,81.0,113.0,1.1,79.7
P007,2026-01-10,5,1,79.9,74.0,113.0,0.5,79.7
P007,2026-01-11,6,1,80.2,71.0,121.0,0.9,79.7
P007,2026-01-12,7,2,79.7,69.0,130.0,1.0,79.7
P007,2026-01-13,8,2,79.2,69.0,128.0,1.6,79.7
P007,2026-01-14,9,2,79.4,74.0,120.0,0.4,79.7
P007,2026-01-15,10,2,79.6,71.0,119.0,1.3,79.7
P007,2026-01-16,11,2,79.7,73.0,119.0,0.6,79.7
P007,2026-01-17,12,2,80.1,73.0,119.0,0.3,79.7
P007,2026-01-18,13,2,79.8,74.0,127.0,1.2,79.7
P007,2026-01-19,14,3,79.6,72.0,119.0,1.4,79.7
P007,2026-01-20,15,3,79.7,74.0,105.0,1.1,79.7
P007,2026-01-21,16,3,79.7,74.0,120.0,0.9,79.7
P007,2026-01-22,17,3,79.7,71.0,120.0,1.6,79.7
P007,2026-01-23,18,3,79.1,71.0,125.0,0.3,79.7
P007,2026-01-24,19,3,78.8,75.0,111.0,1.8,79.7
P007,2026-01-25,20,3,78.5,78.0,122.0,0.0,79.7
P007,2026-01-26,21,4,78.8,75.0,113.0,1.4,79.7
P007,2026-01-27,22,4,78.6,73.0,114.0,1.3,79.7
P007,2026-01-28,23,4,78.0,76.0,128.0,0.7,79.7
P007,2026-01-29,24,4,78.1,73.0,121.0,0.1,79.7
P007,2026-01-30,25,4,78.9,74.0,117.0,1.3,79.7
P007,2026-01-31,26,4,,,,,79.7
P007,2026-02-01,27,4,78.7,79.0,114.0,0.8,79.7
P007,2026-02-02,28,5,78.8,78.0,129.0,0.1,79.7
P007,2026-02-03,29,5,78.4,72.0,128.0,0.7,79.7
P007,2026-02-04,30,5,78.6,79.0,123.0,1.6,79.7
P007,2026-02-05,31,5,78.7,77.0,117.0,2.1,79.7
P007,2026-02-06,32,5,78.5,76.0,121.0,1.4,79.7
P007,2026-02-07,33,5,78.5,73.0,112.0,0.6,79.7
P007,2026-02-08,34,5,77.9,73.0,117.0,0.3,79.7
P007,2026-02-09,35,6,77.5,69.0,117.0,0.2,79.7
P007,2026-02-10,36,6,77.1,75.0,121.0,0.6,79.7
P007,2026-02-11,37,6,76.7,74.0,122.0,0.6,79.7
P007,2026-02-12,38,6,76.0,77.0,115.0,1.6,79.7
P007,2026-02-13,39,6,75.5,76.0,116.0,0.9,79.7
P007,2026-02-14,40,6,76.0,76.0,124.0,0.6,79.7
P007,2026-02-15,41,6,76.4,78.0,121.0,0.8,79.7
P007,2026-02-16,42,7,76.9,69.0,106.0,0.9,79.7
P007,2026-02-17,43,7,77.0,73.0,111.0,0.9,79.7
P007,2026-02-18,44,7,77.2,75.0,122.0,0.3,79.7
P007,2026-02-19,45,7,77.3,71.0,113.0,1.0,79.7
P007,2026-02-20,46,7,77.5,77.0,120.0,0.7,79.7
P007,2026-02-21,47,7,78.1,74.0,114.0,0.8,79.7
P007,2026-02-22,48,7,78.2,75.0,123.0,1.1,79.7
P007,2026-02-23,49,8,78.5,73.0,122.0,0.5,79.7
P007,2026-02-24,50,8,,,,,79.7
P007,2026-02-25,51,8,78.3,75.0,116.0,0.9,79.7
P007,2026-02-26,52,8,78.3,81.0,114.0,1.5,79.7
P007,2026-02-27,53,8,78.3,75.0,110.0,0.6,79.7
P007,2026-02-28,54,8,78.7,70.0,104.0,1.4,79.7
P007,2026-03-01,55,8,78.8,76.0,128.0,1.4,79.7
P008,2026-01-05,0,1,78.8,69.0,118.0,0.3,79.1
P008,2026-01-06,1,1,79.2,75.0,117.0,1.3,79.1
P008,2026-01-07,2,1,79.2,76.0,127.0,2.4,79.1
P008,2026-01-08,3,1,78.9,76.0,119.0,2.0,79.1
P008,2026-01-09,4,1,79.5,76.0,123.0,1.0,79.1
P008,2026-01-10,5,1,79.3,77.0,125.0,1.2,79.1
P008,2026-01-11,6,1,78.6,73.0,124.0,1.4,79.1
P008,2026-01-12,7,2,78.8,70.0,110.0,0.6,79.1
P008,2026-01-13,8,2,79.3,76.0,120.0,0.5,79.1
P008,2026-01-14,9,2,79.8,74.0,129.0,0.9,79.1
P008,2026-01-15,10,2,79.7,72.0,101.0,1.5,79.1
P008,2026-01-16,11,2,80.6,78.0,111.0,1.3,79.1
P008,2026-01-17,12,2,81.3,77.0,118.0,2.3,79.1
P008,2026-01-18,13,2,81.5,73.0,117.0,1.0,79.1
P008,2026-01-19,14,3,81.5,72.0,120.0,1.0,79.1
P008,2026-01-20,15,3,82.4,74.0,123.0,2.4,79.1
P008,2026-01-21,16,3,83.2,73.0,117.0,1.9,79.1
P008,2026-01-22,17,3,83.3,79.0,117.0,1.9,79.1
P008,2026-01-23,18,3,83.5,72.0,115.0,1.9,79.1
P008,2026-01-24,19,3,83.1,81.0,118.0,0.7,79.1
P008,2026-01-25,20,3,82.2,78.0,117.0,1.2,79.1
P008,2026-01-26,21,4,82.7,74.0,118.0,2.0,79.1
P008,2026-01-27,22,4,83.1,76.0,124.0,0.0,79.1
P008,2026-01-28,23,4,82.5,68.0,113.0,1.3,79.1
P008,2026-01-29,24,4,82.2,78.0,129.0,1.1,79.1
P008,2026-01-30,25,4,82.4,69.0,132.0,0.8,79.1
P008,2026-01-31,26,4,81.6,78.0,120.0,2.5,79.1
P008,2026-02-01,27,4,81.8,81.0,118.0,2.5,79.1
P008,2026-02-02,28,5,81.5,75.0,115.0,1.0,79.1
P008,2026-02-03,29,5,,,,,79.1
P008,2026-02-04,30,5,80.9,76.0,111.0,1.1,79.1
P008,2026-02-05,31,5,80.5,76.0,120.0,1.6,79.1
P008,2026-02-06,32,5,81.0,76.0,120.0,1.0,79.1
P008,2026-02-07,33,5,81.1,70.0,124.0,2.7,79.1
P008,2026-02-08,34,5,81.1,74.0,119.0,1.2,79.1
P008,2026-02-09,35,6,81.1,79.0,124.0,1.8,79.1
P008,2026-02-10,36,6,81.3,71.0,124.0,1.4,79.1
P008,2026-02-11,37,6,81.2,69.0,117.0,1.2,79.1
P008,2026-02-12,38,6,81.9,72.0,109.0,1.1,79.1
P008,2026-02-13,39,6,82.2,69.0,118.0,1.4,79.1
P008,2026-02-14,40,6,82.8,67.0,119.0,2.0,79.1
P008,2026-02-15,41,6,83.5,73.0,128.0,1.0,79.1
P008,2026-02-16,42,7,83.4,73.0,129.0,0.6,79.1
P008,2026-02-17,43,7,83.6,74.0,119.0,2.0,79.1
P008,2026-02-18,44,7,83.1,77.0,110.0,1.9,79.1
P008,2026-02-19,45,7,83.4,71.0,108.0,0.5,79.1
P008,2026-02-20,46,7,84.1,71.0,127.0,0.5,79.1
P008,2026-02-21,47,7,84.3,71.0,113.0,1.9,79.1
P008,2026-02-22,48,7,85.1,75.0,122.0,1.9,79.1
P008,2026-02-23,49,8,84.8,73.0,119.0,1.6,79.1
P008,2026-02-24,50,8,85.0,72.0,119.0,1.9,79.1
P008,2026-02-25,51,8,85.6,72.0,116.0,1.9,79.1
P008,2026-02-26,52,8,85.2,74.0,113.0,1.4,79.1
P008,2026-02-27,53,8,85.8,70.0,132.0,1.5,79.1
P008,2026-02-28,54,8,86.0,73.0,113.0,1.5,79.1
P008,2026-03-01,55,8,86.2,72.0,122.0,2.1,79.1
