patient_id,date,day_index,week,med_taken,weighin_logged,symptom_logged,sync_failure
P001,2026-01-05,0,1,True,True,True,False
P001,2026-01-06,1,1,True,True,True,False
P001,2026-01-07,2,1,True,True,True,False
P001,2026-01-08,3,1,True,True,True,False
P001,2026-01-09,4,1,True,True,True,False
P001,2026-01-10,5,1,True,True,True,False
P001,2026-01-11,6,1,True,True,True,False
P001,2026-01-12,7,2,True,True,True,False
P001,2026-01-13,8,2,True,True,True,False
P001,2026-01-14,9,2,True,True,True,False
P001,2026-01-15,10,2,True,True,True,False
P001,2026-01-16,11,2,True,True,True,False
P001,2026-01-17,12,2,True,True,True,False
P001,2026-01-18,13,2,True,True,True,False
P001,2026-01-19,14,3,True,True,True,False
P001,2026-01-20,15,3,True,True,True,False
P001,2026-01-21,16,3,False,False,False,False
P001,2026-01-22,17,3,True,False,True,False
P001,2026-01-23,18,3,True,False,False,False
P001,2026-01-24,19,3,True,True,True,False
P001,2026-01-25,20,3,True,True,True,False
P001,2026-01-26,21,4,False,True,True,False
P001,2026-01-27,22,4,True,True,True,False
P001,2026-01-28,23,4,True,True,False,False
P001,2026-01-29,24,4,True,True,True,False
P001,2026-01-30,25,4,True,True,True,False
P001,2026-01-31,26,4,True,True,True,False
P001,2026-02-01,27,4,False,True,True,False
P001,2026-02-02,28,5,True,True,False,False
P001,2026-02-03,29,5,True,True,True,False
P001,2026-02-04,30,5,True,True,True,False
P001,2026-02-05,31,5,True,True,True,False
P001,2026-02-06,32,5,True,True,False,False
P001,2026-02-07,33,5,True,False,False,False
P001,2026-02-08,34,5,True,True,True,False
P001,2026-02-09,35,6,True,True,True,False
P001,2026-02-10,36,6,True,True,False,False
P001,2026-02-11,37,6,True,True,True,False
P001,2026-02-12,38,6,True,True,True,False
P001,2026-02-13,39,6,True,True,False,False
P001,2026-02-14,40,6,True,True,True,False
P001,2026-02-15,41,6,True,True,True,False
P001,2026-02-16,42,7,True,False,True,False
P001,2026-02-17,43,7,True,True,True,False
P001,2026-02-18,44,7,True,True,True,False
P001,2026-02-19,45,7,True,True,True,False
P001,2026-02-20,46,7,True,True,True,False
P001,2026-02-21,47,7,True,False,True,False
P001,2026-02-22,48,7,True,True,True,False
P001,2026-02-23,49,8,True,True,True,False
P001,2026-02-24,50,8,True,True,True,False
P001,2026-02-25,51,8,True,False,False,False
P001,2026-02-26,52,8,True,True,True,False
P001,2026-02-27,53,8,False,True,True,False
P001,2026-02-28,54,8,True,True,True,False
P001,2026-03-01,55,8,True,True,True,False
P002,2026-01-05,0,1,True,True,False,False
P002,2026-01-06,1,1,True,False,False,False
P002,2026-01-07,2,1,False,True,False,False
P002,2026-01-08,3,1,True,True,True,False
P002,2026-01-09,4,1,True,True,True,False
P002,2026-01-10,5,1,False,True,True,False
P002,2026-01-11,6,1,False,True,True,False
P002,2026-01-12,7,2,True,True,True,False
P002,2026-01-13,8,2,True,True,False,False
P002,2026-01-14,9,2,True,True,True,False
P002,2026-01-15,10,2,False,True,False,False
P002,2026-01-16,11,2,True,True,False,False
P002,2026-01-17,12,2,True,False,True,False
P002,2026-01-18,13,2,True,True,False,False
P002,2026-01-19,14,3,True,True,False,False
P002,2026-01-20,15,3,False,True,False,False
P002,2026-01-21,16,3,False,True,True,False
P002,2026-01-22,17,3,True,False,False,False
P002,2026-01-23,18,3,True,True,True,False
P002,2026-01-24,19,3,False,False,False,False
P002,2026-01-25,20,3,True,True,True,False
P002,2026-01-26,21,4,True,True,True,False
P002,2026-01-27,22,4,True,True,True,False
P002,2026-01-28,23,4,True,False,False,False
P002,2026-01-29,24,4,True,True,False,False
P002,2026-01-30,25,4,True,True,True,False
P002,2026-01-31,26,4,True,True,True,False
P002,2026-02-01,27,4,True,True,False,False
P002,2026-02-02,28,5,True,True,True,False
P002,2026-02-03,29,5,False,True,False,False
P002,2026-02-04,30,5,True,True,True,False
P002,2026-02-05,31,5,True,True,True,False
P002,2026-02-06,32,5,True,False,True,False
P002,2026-02-07,33,5,False,True,True,False
P002,2026-02-08,34,5,False,True,True,False
P002,2026-02-09,35,6,False,True,True,False
P002,2026-02-10,36,6,False,False,False,False
P002,2026-02-11,37,6,False,True,False,False
P002,2026-02-12,38,6,True,True,True,False
P002,2026-02-13,39,6,False,True,True,False
P002,2026-02-14,40,6,False,True,False,False
P002,2026-02-15,41,6,True,True,True,False
P002,2026-02-16,42,7,True,True,True,False
P002,2026-02-17,43,7,True,True,False,False
P002,2026-02-18,44,7,False,False,True,False
P002,2026-02-19,45,7,,,False,True
P002,2026-02-20,46,7,True,True,True,False
P002,2026-02-21,47,7,True,True,True,False
P002,2026-02-22,48,7,False,True,True,False
P002,2026-02-23,49,8,True,False,False,False
P002,2026-02-24,50,8,True,True,True,False
P002,2026-02-25,51,8,False,False,True,False
P002,2026-02-26,52,8,True,True,True,False
P002,2026-02-27,53,8,True,True,True,False
P002,2026-02-28,54,8,True,True,True,False
P002,2026-03-01,55,8,True,True,True,False
P003,2026-01-05,0,1,False,True,False,False
P003,2026-01-06,1,1,True,True,True,False
P003,2026-01-07,2,1,True,True,True,False
P003,2026-01-08,3,1,False,True,True,False
P003,2026-01-09,4,1,True,True,False,False
P003,2026-01-10,5,1,True,True,True,False
P003,2026-01-11,6,1,True,True,True,False
P003,2026-01-12,7,2,True,True,True,False
P003,2026-01-13,8,2,True,True,True,False
P003,2026-01-14,9,2,False,True,True,False
P003,2026-01-15,10,2,True,True,True,False
P003,2026-01-16,11,2,True,True,True,False
P003,2026-01-17,12,2,True,True,True,False
P003,2026-01-18,13,2,True,True,True,False
P003,2026-01-19,14,3,True,True,False,False
P003,2026-01-20,15,3,True,True,True,False
P003,2026-01-21,16,3,True,False,True,False
P003,2026-01-22,17,3,True,True,True,False
P003,2026-01-23,18,3,True,True,True,False
P003,2026-01-24,19,3,True,True,True,False
P003,2026-01-25,20,3,True,True,True,False
P003,2026-01-26,21,4,True,True,True,False
P003,2026-01-27,22,4,True,True,True,False
P003,2026-01-28,23,4,True,False,True,False
P003,2026-01-29,24,4,True,True,True,False
P003,2026-01-30,25,4,True,True,True,False
P003,2026-01-31,26,4,True,True,True,False
P003,2026-02-01,27,4,True,True,True,False
P003,2026-02-02,28,5,True,True,True,False
P003,2026-02-03,29,5,True,True,True,False
P003,2026-02-04,30,5,True,True,True,False
P003,2026-02-05,31,5,True,True,True,False
P003,2026-02-06,32,5,True,True,True,False
P003,2026-02-07,33,5,True,True,True,False
P003,2026-02-08,34,5,True,True,True,False
P003,2026-02-09,35,6,True,True,True,False
P003,2026-02-10,36,6,True,True,True,False
P003,2026-02-11,37,6,True,True,True,False
P003,2026-02-12,38,6,True,True,False,False
P003,2026-02-13,39,6,True,True,True,False
P003,2026-02-14,40,6,True,True,True,False
P003,2026-02-15,41,6,True,True,True,False
P003,2026-02-16,42,7,True,True,True,False
P003,2026-02-17,43,7,True,True,True,False
P003,2026-02-18,44,7,True,True,True,False
P003,2026-02-19,45,7,True,True,True,False
P003,2026-02-20,46,7,True,True,True,False
P003,2026-02-21,47,7,True,True,True,False
P003,2026-02-22,48,7,True,True,True,False
P003,2026-02-23,49,8,False,True,True,False
P003,2026-02-24,50,8,True,True,True,False
P003,2026-02-25,51,8,True,True,True,False
P003,2026-02-26,52,8,True,True,True,False
P003,2026-02-27,53,8,True,True,True,False
P003,2026-02-28,54,8,True,True,True,False
P003,2026-03-01,55,8,True,True,True,False
P004,2026-01-05,0,1,True,False,True,False
P004,2026-01-06,1,1,True,True,True,False
P004,2026-01-07,2,1,True,True,True,False
P004,2026-01-08,3,1,True,True,True,False
P004,2026-01-09,4,1,False,True,True,False
P004,2026-01-10,5,1,True,False,True,False
P004,2026-01-11,6,1,True,False,False,False
P004,2026-01-12,7,2,True,True,True,False
P004,2026-01-13,8,2,True,True,True,False
P004,2026-01-14,9,2,True,True,False,False
P004,2026-01-15,10,2,True,True,True,False
P004,2026-01-16,11,2,False,True,True,False
P004,2026-01-17,12,2,True,True,True,False
P004,2026-01-18,13,2,True,True,True,False
P004,2026-01-19,14,3,True,False,True,False
P004,2026-01-20,15,3,False,True,True,False
P004,2026-01-21,16,3,True,True,True,False
P004,2026-01-22,17,3,True,True,False,False
P004,2026-01-23,18,3,True,True,True,False
P004,2026-01-24,19,3,True,True,True,False
P004,2026-01-25,20,3,True,True,True,False
P004,2026-01-26,21,4,True,False,False,False
P004,2026-01-27,22,4,True,False,False,False
P004,2026-01-28,23,4,True,False,True,False
P004,2026-01-29,24,4,True,True,False,False
P004,2026-01-30,25,4,True,True,False,False
P004,2026-01-31,26,4,False,True,True,False
P004,2026-02-01,27,4,True,True,True,False
P004,2026-02-02,28,5,True,True,True,False
P004,2026-02-03,29,5,True,True,True,False
P004,2026-02-04,30,5,True,True,True,False
P004,2026-02-05,31,5,True,True,True,False
P004,2026-02-06,32,5,False,False,True,False
P004,2026-02-07,33,5,True,True,True,False
P004,2026-02-08,34,5,True,True,False,False
P004,2026-02-09,35,6,True,True,True,False
P004,2026-02-10,36,6,True,True,True,False
P004,2026-02-11,37,6,True,True,True,False
P004,2026-02-12,38,6,True,True,False,False
P004,2026-02-13,39,6,True,True,True,False
P004,2026-02-14,40,6,True,True,True,False
P004,2026-02-15,41,6,True,True,True,False
P004,2026-02-16,42,7,True,True,True,False
P004,2026-02-17,43,7,True,True,False,False
P004,2026-02-18,44,7,True,True,True,False
P004,2026-02-19,45,7,True,True,True,False
P004,2026-02-20,46,7,True,True,True,False
P004,2026-02-21,47,7,True,True,True,False
P004,2026-02-22,48,7,True,True,False,False
P004,2026-02-23,49,8,True,True,False,False
P004,2026-02-24,50,8,True,True,False,False
P004,2026-02-25,51,8,True,True,True,False
P004,2026-02-26,52,8,True,True,True,False
P004,2026-02-27,53,8,True,True,True,False
P004,2026-02-28,54,8,True,True,True,False
P004,2026-03-01,55,8,True,True,False,False
P005,2026-01-05,0,1,True,True,True,False
P005,2026-01-06,1,1,True,False,False,False
P005,2026-01-07,2,1,True,True,False,False
P005,2026-01-08,3,1,True,True,True,False
P005,2026-01-09,4,1,True,False,True,False
P005,2026-01-10,5,1,True,True,True,False
P005,2026-01-11,6,1,False,True,True,False
P005,2026-01-12,7,2,True,True,True,False
P005,2026-01-13,8,2,True,True,True,False
P005,2026-01-14,9,2,True,True,True,False
P005,2026-01-15,10,2,True,True,True,False
P005,2026-01-16,11,2,True,True,True,False
P005,2026-01-17,12,2,True,True,True,False
P005,2026-01-18,13,2,True,True,True,False
P005,2026-01-19,14,3,True,True,True,False
P005,2026-01-20,15,3,True,True,True,False
P005,2026-01-21,16,3,True,True,True,False
P005,2026-01-22,17,3,False,True,True,False
P005,2026-01-23,18,3,False,True,True,False
P005,2026-01-24,19,3,False,True,True,False
P005,2026-01-25,20,3,True,True,True,False
P005,2026-01-26,21,4,True,True,True,False
P005,2026-01-27,22,4,True,True,True,False
P005,2026-01-28,23,4,True,True,True,False
P005,2026-01-29,24,4,False,False,False,False
P005,2026-01-30,25,4,True,True,True,False
P005,2026-01-31,26,4,True,False,True,False
P005,2026-02-01,27,4,True,False,False,False
P005,2026-02-02,28,5,True,True,True,False
P005,2026-02-03,29,5,False,True,True,False
P005,2026-02-04,30,5,True,False,True,False
P005,2026-02-05,31,5,True,True,True,False
P005,2026-02-06,32,5,True,False,True,False
P005,2026-02-07,33,5,True,True,False,False
P005,2026-02-08,34,5,True,True,True,False
P005,2026-02-09,35,6,True,True,True,False
P005,2026-02-10,36,6,True,True,True,False
P005,2026-02-11,37,6,False,True,True,False
P005,2026-02-12,38,6,True,True,False,False
P005,2026-02-13,39,6,True,True,False,False
P005,2026-02-14,40,6,True,False,True,False
P005,2026-02-15,41,6,True,False,True,False
P005,2026-02-16,42,7,True,True,False,False
P005,2026-02-17,43,7,False,True,True,False
P005,2026-02-18,44,7,True,True,True,False
P005,2026-02-19,45,7,True,True,True,False
P005,2026-02-20,46,7,True,True,True,False
P005,2026-02-21,47,7,False,True,True,False
P005,2026-02-22,48,7,True,True,True,False
P005,2026-02-23,49,8,True,False,False,False
P005,2026-02-24,50,8,False,True,False,False
P005,2026-02-25,51,8,True,False,True,False
P005,2026-02-26,52,8,True,True,True,False
P005,2026-02-27,53,8,True,True,True,False
P005,2026-02-28,54,8,True,True,False,False
P005,2026-03-01,55,8,True,False,False,False
P006,2026-01-05,0,1,True,False,False,False
P006,2026-01-06,1,1,True,True,True,False
P006,2026-01-07,2,1,False,False,False,False
P006,2026-01-08,3,1,False,False,True,False
P006,2026-01-09,4,1,True,False,False,False
P006,2026-01-10,5,1,False,True,True,False
P006,2026-01-11,6,1,True,True,False,False
P006,2026-01-12,7,2,False,True,False,False
P006,2026-01-13,8,2,True,True,True,False
P006,2026-01-14,9,2,True,True,False,False
P006,2026-01-15,10,2,True,True,True,False
P006,2026-01-16,11,2,True,True,True,False
P006,2026-01-17,12,2,False,True,True,False
P006,2026-01-18,13,2,False,False,True,False
P006,2026-01-19,14,3,False,False,True,False
P006,2026-01-20,15,3,True,True,True,False
P006,2026-01-21,16,3,True,True,True,False
P006,2026-01-22,17,3,True,False,True,False
P006,2026-01-23,18,3,True,True,True,False
P006,2026-01-24,19,3,True,True,True,False
P006,2026-01-25,20,3,True,False,True,False
P006,2026-01-26,21,4,True,True,True,False
P006,2026-01-27,22,4,True,True,True,False
P006,2026-01-28,23,4,True,True,True,False
P006,2026-01-29,24,4,True,True,True,False
P006,2026-01-30,25,4,True,True,True,False
P006,2026-01-31,26,4,True,False,True,False
P006,2026-02-01,27,4,True,True,True,False
P006,2026-02-02,28,5,True,False,True,False
P006,2026-02-03,29,5,True,False,False,False
P006,2026-02-04,30,5,True,True,True,False
P006,2026-02-05,31,5,True,True,True,False
P006,2026-02-06,32,5,True,False,True,False
P006,2026-02-07,33,5,True,True,True,False
P006,2026-02-08,34,5,False,False,False,False
P006,2026-02-09,35,6,False,True,True,False
P006,2026-02-10,36,6,True,True,False,False
P006,2026-02-11,37,6,True,True,False,False
P006,2026-02-12,38,6,False,False,True,False
P006,2026-02-13,39,6,True,False,False,False
P006,2026-02-14,40,6,False,True,False,False
P006,2026-02-15,41,6,False,False,True,False
P006,2026-02-16,42,7,True,False,True,False
P006,2026-02-17,43,7,True,True,False,False
P006,2026-02-18,44,7,True,True,True,False
P006,2026-02-19,45,7,True,True,False,False
P006,2026-02-20,46,7,False,True,False,False
P006,2026-02-21,47,7,True,True,True,False
P006,2026-02-22,48,7,True,False,False,False
P006,2026-02-23,49,8,False,True,True,False
P006,2026-02-24,50,8,True,True,False,False
P006,2026-02-25,51,8,True,False,False,False
P006,2026-02-26,52,8,True,False,True,False
P006,2026-02-27,53,8,False,True,False,False
P006,2026-02-28,54,8,False,True,True,False
P006,2026-03-01,55,8,True,True,True,False
P007,2026-01-05,0,1,True,True,True,False
P007,2026-01-06,1,1,True,True,True,False
P007,2026-01-07,2,1,True,True,True,False
P007,2026-01-08,3,1,True,True,True,False
P007,2026-01-09,4,1,True,True,False,False
P007,2026-01-10,5,1,True,False,False,False
P007,2026-01-11,6,1,True,True,True,False
P007,2026-01-12,7,2,True,True,True,False
P007,2026-01-13,8,2,True,True,False,False
P007,2026-01-14,9,2,True,True,True,False
P007,2026-01-15,10,2,True,False,True,False
P007,2026-01-16,11,2,True,True,True,False
P007,2026-01-17,12,2,True,True,True,False
P007,2026-01-18,13,2,True,True,True,False
P007,2026-01-19,14,3,True,True,True,False
P007,2026-01-20,15,3,True,True,True,False
P007,2026-01-21,16,3,True,True,True,False
P007,2026-01-22,17,3,True,True,True,False
P007,2026-01-23,18,3,True,True,True,False
P007,2026-01-24,19,3,True,True,True,False
P007,2026-01-25,20,3,True,True,True,False
P007,2026-01-26,21,4,True,True,True,False
P007,2026-01-27,22,4,True,True,True,False
P007,2026-01-28,23,4,True,True,False,False
P007,2026-01-29,24,4,True,True,True,False
P007,2026-01-30,25,4,True,True,True,False
P007,2026-01-31,26,4,True,False,False,False
P007,2026-02-01,27,4,True,True,True,False
P007,2026-02-02,28,5,True,True,True,False
P007,2026-02-03,29,5,True,False,True,False
P007,2026-02-04,30,5,True,True,True,False
P007,2026-02-05,31,5,True,True,True,False
P007,2026-02-06,32,5,True,True,True,False
P007,2026-02-07,33,5,True,True,True,False
P007,2026-02-08,34,5,True,True,True,False
P007,2026-02-09,35,6,True,True,False,False
P007,2026-02-10,36,6,True,True,True,False
P007,2026-02-11,37,6,True,True,True,False
P007,2026-02-12,38,6,True,True,True,False
P007,2026-02-13,39,6,True,True,False,False
P007,2026-02-14,40,6,True,True,True,False
P007,2026-02-15,41,6,True,True,False,False
P007,2026-02-16,42,7,True,True,True,False
P007,2026-02-17,43,7,True,True,True,False
P007,2026-02-18,44,7,True,True,True,False
P007,2026-02-19,45,7,False,True,True,False
P007,2026-02-20,46,7,True,True,True,False
P007,2026-02-21,47,7,True,True,True,False
P007,2026-02-22,48,7,True,True,True,False
P007,2026-02-23,49,8,True,True,True,False
P007,2026-02-24,50,8,True,False,False,False
P007,2026-02-25,51,8,True,True,True,False
P007,2026-02-26,52,8,True,True,True,False
P007,2026-02-27,53,8,True,True,False,False
P007,2026-02-28,54,8,True,True,True,False
P007,2026-03-01,55,8,True,True,True,False
P008,2026-01-05,0,1,True,False,False,False
P008,2026-01-06,1,1,False,True,True,False
P008,2026-01-07,2,1,False,False,True,False
P008,2026-01-08,3,1,False,True,True,False
P008,2026-01-09,4,1,True,False,True,False
P008,2026-01-10,5,1,False,True,False,False
P008,2026-01-11,6,1,True,False,True,False
P008,2026-01-12,7,2,False,True,True,False
P008,2026-01-13,8,2,True,True,False,False
P008,2026-01-14,9,2,True,False,True,False
P008,2026-01-15,10,2,False,False,True,False
P008,2026-01-16,11,2,True,True,False,False
P008,2026-01-17,12,2,True,True,True,False
P008,2026-01-18,13,2,False,False,False,False
P008,2026-01-19,14,3,False,True,True,False
P008,2026-01-20,15,3,True,False,False,False
P008,2026-01-21,16,3,True,False,False,False
P008,2026-01-22,17,3,False,True,True,False
P008,2026-01-23,18,3,True,False,True,False
P008,2026-01-24,19,3,False,True,False,False
P008,2026-01-25,20,3,True,False,False,False
P008,2026-01-26,21,4,True,True,True,False
P008,2026-01-27,22,4,False,True,False,False
P008,2026-01-28,23,4,False,False,True,False
P008,2026-01-29,24,4,True,True,True,False
P008,2026-01-30,25,4,True,True,False,False
P008,2026-01-31,26,4,False,True,True,False
P008,2026-02-01,27,4,False,False,True,False
P008,2026-02-02,28,5,True,True,False,False
P008,2026-02-03,29,5,False,False,False,False
P008,2026-02-04,30,5,False,False,False,False
P008,2026-02-05,31,5,False,False,False,False
P008,2026-02-06,32,5,False,False,False,False
P008,2026-02-07,33,5,False,True,True,False
P008,2026-02-08,34,5,False,False,False,False
P008,2026-02-09,35,6,True,True,False,False
P008,2026-02-10,36,6,True,False,True,False
P008,2026-02-11,37,6,False,False,False,False
P008,2026-02-12,38,6,True,False,True,False
P008,2026-02-13,39,6,False,False,True,False
P008,2026-02-14,40,6,False,True,True,False
P008,2026-02-15,41,6,True,True,False,False
P008,2026-02-16,42,7,False,True,True,False
P008,2026-02-17,43,7,True,True,False,False
P008,2026-02-18,44,7,True,True,True,False
P008,2026-02-19,45,7,True,True,False,False
P008,2026-02-20,46,7,True,True,True,False
P008,2026-02-21,47,7,False,False,True,False
P008,2026-02-22,48,7,False,False,True,False
P008,2026-02-23,49,8,False,False,False,False
P008,2026-02-24,50,8,False,False,False,False
P008,2026-02-25,51,8,False,True,False,False
P008,2026-02-26,52,8,True,True,False,False
P008,2026-02-27,53,8,True,True,True,False
P008,2026-02-28,54,8,True,True,True,False
P008,2026-03-01,55,8,True,False,False,False
P009,2026-01-05,0,1,True,True,True,False
P009,2026-01-06,1,1,True,False,False,False
P009,2026-01-07,2,1,True,True,True,False
P009,2026-01-08,3,1,True,True,True,False
P009,2026-01-09,4,1,True,True,True,False
P009,2026-01-10,5,1,True,True,True,False
P009,2026-01-11,6,1,True,False,True,False
P009,2026-01-12,7,2,True,True,True,False
P009,2026-01-13,8,2,True,False,False,False
P009,2026-01-14,9,2,True,True,True,False
P009,2026-01-15,10,2,True,False,True,False
P009,2026-01-16,11,2,False,False,True,False
P009,2026-01-17,12,2,True,True,True,False
P009,2026-01-18,13,2,True,True,True,False
P009,2026-01-19,14,3,True,True,True,False
P009,2026-01-20,15,3,True,True,True,False
P009,2026-01-21,16,3,True,True,True,False
P009,2026-01-22,17,3,True,False,False,False
P009,2026-01-23,18,3,True,True,False,False
P009,2026-01-24,19,3,True,True,True,False
P009,2026-01-25,20,3,True,True,True,False
P009,2026-01-26,21,4,True,True,False,False
P009,2026-01-27,22,4,True,True,True,False
P009,2026-01-28,23,4,False,True,False,False
P009,2026-01-29,24,4,True,True,True,False
P009,2026-01-30,25,4,True,True,True,False
P009,2026-01-31,26,4,False,True,True,False
P009,2026-02-01,27,4,True,True,True,False
P009,2026-02-02,28,5,True,True,False,False
P009,2026-02-03,29,5,True,True,True,False
P009,2026-02-04,30,5,True,True,False,False
P009,2026-02-05,31,5,True,False,True,False
P009,2026-02-06,32,5,False,True,True,False
P009,2026-02-07,33,5,True,False,True,False
P009,2026-02-08,34,5,False,True,True,False
P009,2026-02-09,35,6,True,True,True,False
P009,2026-02-10,36,6,True,True,True,False
P009,2026-02-11,37,6,True,True,True,False
P009,2026-02-12,38,6,True,True,False,False
P009,2026-02-13,39,6,True,False,False,False
P009,2026-02-14,40,6,True,True,False,False
P009,2026-02-15,41,6,True,True,False,False
P009,2026-02-16,42,7,True,True,True,False
P009,2026-02-17,43,7,True,True,True,False
P009,2026-02-18,44,7,True,True,True,False
P009,2026-02-19,45,7,True,True,True,False
P009,2026-02-20,46,7,True,True,True,False
P009,2026-02-21,47,7,True,True,True,False
P009,2026-02-22,48,7,True,True,True,False
P009,2026-02-23,49,8,True,True,True,False
P009,2026-02-24,50,8,True,True,True,False
P009,2026-02-25,51,8,True,True,True,False
P009,2026-02-26,52,8,True,False,True,False
P009,2026-02-27,53,8,True,True,True,False
P009,2026-02-28,54,8,True,True,True,False
P009,2026-03-01,55,8,True,False,True,False
P010,2026-01-05,0,1,True,False,False,False
P010,2026-01-06,1,1,False,True,True,False
P010,2026-01-07,2,1,True,True,True,False
P010,2026-01-08,3,1,False,True,True,False
P010,2026-01-09,4,1,False,True,True,False
P010,2026-01-10,5,1,True,False,False,False
P010,2026-01-11,6,1,True,True,False,False
P010,2026-01-12,7,2,True,True,True,False
P010,2026-01-13,8,2,True,False,True,False
P010,2026-01-14,9,2,True,True,True,False
P010,2026-01-15,10,2,True,True,True,False
P010,2026-01-16,11,2,True,False,False,False
P010,2026-01-17,12,2,True,True,True,False
P010,2026-01-18,13,2,True,True,False,False
P010,2026-01-19,14,3,True,True,True,False
P010,2026-01-20,15,3,True,False,True,False
P010,2026-01-21,16,3,True,True,False,False
P010,2026-01-22,17,3,False,True,False,False
P010,2026-01-23,18,3,True,False,True,False
P010,2026-01-24,19,3,True,True,False,False
P010,2026-01-25,20,3,True,True,True,False
P010,2026-01-26,21,4,True,True,True,False
P010,2026-01-27,22,4,True,True,True,False
P010,2026-01-28,23,4,True,True,False,False
P010,2026-01-29,24,4,True,True,True,False
P010,2026-01-30,25,4,False,False,True,False
P010,2026-01-31,26,4,True,True,False,False
P010,2026-02-01,27,4,True,True,False,False
P010,2026-02-02,28,5,True,True,True,False
P010,2026-02-03,29,5,False,True,False,False
P010,2026-02-04,30,5,True,True,True,False
P010,2026-02-05,31,5,True,True,True,False
P010,2026-02-06,32,5,True,False,True,False
P010,2026-02-07,33,5,True,True,True,False
P010,2026-02-08,34,5,True,False,False,False
P010,2026-02-09,35,6,False,True,True,False
P010,2026-02-10,36,6,False,False,True,False
P010,2026-02-11,37,6,False,True,True,False
P010,2026-02-12,38,6,True,False,True,False
P010,2026-02-13,39,6,True,False,False,False
P010,2026-02-14,40,6,True,True,True,False
P010,2026-02-15,41,6,True,False,False,False
P010,2026-02-16,42,7,False,False,True,False
P010,2026-02-17,43,7,True,False,False,False
P010,2026-02-18,44,7,True,True,True,False
P010,2026-02-19,45,7,False,True,True,False
P010,2026-02-20,46,7,True,False,True,False
P010,2026-02-21,47,7,True,True,False,False
P010,2026-02-22,48,7,True,True,False,False
P010,2026-02-23,49,8,True,True,False,False
P010,2026-02-24,50,8,False,False,False,False
P010,2026-02-25,51,8,True,False,False,False
P010,2026-02-26,52,8,True,False,True,False
P010,2026-02-27,53,8,True,False,True,False
P010,2026-02-28,54,8,True,False,True,False
P010,2026-03-01,55,8,True,False,True,False
P011,2026-01-05,0,1,True,True,True,False
P011,2026-01-06,1,1,True,True,True,False
P011,2026-01-07,2,1,True,True,True,False
P011,2026-01-08,3,1,True,True,True,False
P011,2026-01-09,4,1,True,True,True,False
P011,2026-01-10,5,1,True,True,True,False
P011,2026-01-11,6,1,True,True,True,False
P011,2026-01-12,7,2,True,True,True,False
P011,2026-01-13,8,2,True,True,True,False
P011,2026-01-14,9,2,True,True,False,False
P011,2026-01-15,10,2,True,True,True,False
P011,2026-01-16,11,2,True,True,True,False
P011,2026-01-17,12,2,True,True,True,False
P011,2026-01-18,13,2,True,True,True,False
P011,2026-01-19,14,3,True,True,True,False
P011,2026-01-20,15,3,True,True,True,False
P011,2026-01-21,16,3,True,True,False,False
P011,2026-01-22,17,3,True,True,True,False
P011,2026-01-23,18,3,True,True,False,False
P011,2026-01-24,19,3,True,True,True,False
P011,2026-01-25,20,3,True,True,True,False
P011,2026-01-26,21,4,True,True,True,False
P011,2026-01-27,22,4,True,True,True,False
P011,2026-01-28,23,4,True,True,True,False
P011,2026-01-29,24,4,True,True,True,False
P011,2026-01-30,25,4,True,True,True,False
P011,2026-01-31,26,4,True,True,True,False
P011,2026-02-01,27,4,True,True,True,False
P011,2026-02-02,28,5,True,True,True,False
P011,2026-02-03,29,5,True,True,True,False
P011,2026-02-04,30,5,False,True,False,False
P011,2026-02-05,31,5,True,True,True,False
P011,2026-02-06,32,5,True,True,False,False
P011,2026-02-07,33,5,True,True,False,False
P011,2026-02-08,34,5,True,True,True,False
P011,2026-02-09,35,6,True,True,False,False
P011,2026-02-10,36,6,True,True,True,False
P011,2026-02-11,37,6,True,False,False,False
P011,2026-02-12,38,6,True,True,True,False
P011,2026-02-13,39,6,True,True,True,False
P011,2026-02-14,40,6,True,True,True,False
P011,2026-02-15,41,6,True,True,True,False
P011,2026-02-16,42,7,True,True,True,False
P011,2026-02-17,43,7,True,True,False,False
P011,2026-02-18,44,7,True,True,True,False
P011,2026-02-19,45,7,True,True,True,False
P011,2026-02-20,46,7,True,True,True,False
P011,2026-02-21,47,7,True,True,True,False
P011,2026-02-22,48,7,True,True,True,False
P011,2026-02-23,49,8,True,True,False,False
P011,2026-02-24,50,8,True,True,True,False
P011,2026-02-25,51,8,True,True,True,False
P011,2026-02-26,52,8,True,False,True,False
P011,2026-02-27,53,8,True,True,True,False
P011,2026-02-28,54,8,True,True,True,False
P011,2026-03-01,55,8,True,True,True,False
P012,2026-01-05,0,1,True,True,True,False
P012,2026-01-06,1,1,True,False,True,False
P012,2026-01-07,2,1,False,False,True,False
P012,2026-01-08,3,1,False,True,True,False
P012,2026-01-09,4,1,True,True,False,False
P012,2026-01-10,5,1,True,True,False,False
P012,2026-01-11,6,1,True,True,True,False
P012,2026-01-12,7,2,True,True,True,False
P012,2026-01-13,8,2,False,True,True,False
P012,2026-01-14,9,2,True,True,True,False
P012,2026-01-15,10,2,True,True,True,False
P012,2026-01-16,11,2,False,True,False,False
P012,2026-01-17,12,2,True,True,True,False
P012,2026-01-18,13,2,True,True,False,False
P012,2026-01-19,14,3,True,True,False,False
P012,2026-01-20,15,3,True,True,True,False
P012,2026-01-21,16,3,True,True,True,False
P012,2026-01-22,17,3,True,True,True,False
P012,2026-01-23,18,3,False,False,False,False
P012,2026-01-24,19,3,True,False,True,False
P012,2026-01-25,20,3,True,True,True,False
P012,2026-01-26,21,4,True,True,True,False
P012,2026-01-27,22,4,False,True,True,False
P012,2026-01-28,23,4,True,True,True,False
P012,2026-01-29,24,4,True,True,True,False
P012,2026-01-30,25,4,False,False,True,False
P012,2026-01-31,26,4,True,True,False,False
P012,2026-02-01,27,4,False,True,True,False
P012,2026-02-02,28,5,False,True,True,False
P012,2026-02-03,29,5,True,False,True,False
P012,2026-02-04,30,5,True,False,False,False
P012,2026-02-05,31,5,True,True,True,False
P012,2026-02-06,32,5,True,True,True,False
P012,2026-02-07,33,5,True,True,False,False
P012,2026-02-08,34,5,False,True,True,False
P012,2026-02-09,35,6,False,True,True,False
P012,2026-02-10,36,6,True,True,False,False
P012,2026-02-11,37,6,True,True,False,False
P012,2026-02-12,38,6,True,True,False,False
P012,2026-02-13,39,6,False,True,False,False
P012,2026-02-14,40,6,True,True,True,False
P012,2026-02-15,41,6,True,False,False,False
P012,2026-02-16,42,7,True,True,True,False
P012,2026-02-17,43,7,True,True,True,False
P012,2026-02-18,44,7,True,True,True,False
P012,2026-02-19,45,7,True,True,False,False
P012,2026-02-20,46,7,True,True,True,False
P012,2026-02-21,47,7,True,True,True,False
P012,2026-02-22,48,7,True,True,True,False
P012,2026-02-23,49,8,True,True,False,False
P012,2026-02-24,50,8,True,False,False,False
P012,2026-02-25,51,8,True,True,True,False
P012,2026-02-26,52,8,True,False,True,False
P012,2026-02-27,53,8,True,True,True,False
P012,2026-02-28,54,8,True,True,True,False
P012,2026-03-01,55,8,True,True,True,False
P013,2026-01-05,0,1,True,True,True,False
P013,2026-01-06,1,1,True,True,True,False
P013,2026-01-07,2,1,True,False,True,False
P013,2026-01-08,3,1,True,True,True,False
P013,2026-01-09,4,1,True,True,True,False
P013,2026-01-10,5,1,False,True,True,False
P013,2026-01-11,6,1,True,True,True,False
P013,2026-01-12,7,2,True,True,False,False
P013,2026-01-13,8,2,False,True,True,False
P013,2026-01-14,9,2,False,True,False,False
P013,2026-01-15,10,2,True,True,True,False
P013,2026-01-16,11,2,True,True,True,False
P013,2026-01-17,12,2,True,True,False,False
P013,2026-01-18,13,2,True,True,True,False
P013,2026-01-19,14,3,False,True,False,False
P013,2026-01-20,15,3,True,True,True,False
P013,2026-01-21,16,3,True,False,True,False
P013,2026-01-22,17,3,True,True,True,False
P013,2026-01-23,18,3,False,True,True,False
P013,2026-01-24,19,3,True,True,False,False
P013,2026-01-25,20,3,True,True,True,False
P013,2026-01-26,21,4,True,True,False,False
P013,2026-01-27,22,4,True,False,True,False
P013,2026-01-28,23,4,True,True,True,False
P013,2026-01-29,24,4,False,True,False,False
P013,2026-01-30,25,4,True,True,True,False
P013,2026-01-31,26,4,True,True,False,False
P013,2026-02-01,27,4,True,True,True,False
P013,2026-02-02,28,5,True,True,False,False
P013,2026-02-03,29,5,True,False,True,False
P013,2026-02-04,30,5,True,True,True,False
P013,2026-02-05,31,5,True,True,True,False
P013,2026-02-06,32,5,True,False,False,False
P013,2026-02-07,33,5,True,False,False,False
P013,2026-02-08,34,5,True,True,True,False
P013,2026-02-09,35,6,True,True,False,False
P013,2026-02-10,36,6,True,True,True,False
P013,2026-02-11,37,6,True,True,True,False
P013,2026-02-12,38,6,True,True,True,False
P013,2026-02-13,39,6,True,True,True,False
P013,2026-02-14,40,6,False,False,False,False
P013,2026-02-15,41,6,True,True,True,False
P013,2026-02-16,42,7,True,True,True,False
P013,2026-02-17,43,7,True,True,True,False
P013,2026-02-18,44,7,True,True,False,False
P013,2026-02-19,45,7,True,True,True,False
P013,2026-02-20,46,7,False,True,True,False
P013,2026-02-21,47,7,True,True,True,False
P013,2026-02-22,48,7,True,True,True,False
P013,2026-02-23,49,8,True,True,False,False
P013,2026-02-24,50,8,True,True,True,False
P013,2026-02-25,51,8,True,False,True,False
P013,2026-02-26,52,8,True,True,True,False
P013,2026-02-27,53,8,True,False,True,False
P013,2026-02-28,54,8,True,True,True,False
P013,2026-03-01,55,8,True,True,False,False
P014,2026-01-05,0,1,True,True,True,False
P014,2026-01-06,1,1,True,True,True,False
P014,2026-01-07,2,1,True,True,True,False
P014,2026-01-08,3,1,True,True,True,False
P014,2026-01-09,4,1,True,True,False,False
P014,2026-01-10,5,1,True,True,True,False
P014,2026-01-11,6,1,True,True,True,False
P014,2026-01-12,7,2,True,True,True,False
P014,2026-01-13,8,2,False,False,False,False
P014,2026-01-14,9,2,True,True,True,False
P014,2026-01-15,10,2,True,True,True,False
P014,2026-01-16,11,2,True,True,False,False
P014,2026-01-17,12,2,False,True,True,False
P014,2026-01-18,13,2,True,True,False,False
P014,2026-01-19,14,3,False,True,True,False
P014,2026-01-20,15,3,True,True,True,False
P014,2026-01-21,16,3,True,True,True,False
P014,2026-01-22,17,3,False,True,True,False
P014,2026-01-23,18,3,True,True,True,False
P014,2026-01-24,19,3,True,False,True,False
P014,2026-01-25,20,3,True,True,False,False
P014,2026-01-26,21,4,True,True,True,False
P014,2026-01-27,22,4,True,True,True,False
P014,2026-01-28,23,4,True,False,True,False
P014,2026-01-29,24,4,True,True,False,False
P014,2026-01-30,25,4,True,True,True,False
P014,2026-01-31,26,4,False,True,True,False
P014,2026-02-01,27,4,True,True,False,False
P014,2026-02-02,28,5,True,True,True,False
P014,2026-02-03,29,5,True,False,True,False
P014,2026-02-04,30,5,True,True,False,False
P014,2026-02-05,31,5,False,False,False,False
P014,2026-02-06,32,5,False,True,True,False
P014,2026-02-07,33,5,True,True,True,False
P014,2026-02-08,34,5,True,False,False,False
P014,2026-02-09,35,6,True,True,False,False
P014,2026-02-10,36,6,True,True,True,False
P014,2026-02-11,37,6,False,False,True,False
P014,2026-02-12,38,6,True,True,True,False
P014,2026-02-13,39,6,True,True,True,False
P014,2026-02-14,40,6,True,True,True,False
P014,2026-02-15,41,6,True,True,True,False
P014,2026-02-16,42,7,True,True,True,False
P014,2026-02-17,43,7,True,True,True,False
P014,2026-02-18,44,7,True,True,True,False
P014,2026-02-19,45,7,True,True,True,False
P014,2026-02-20,46,7,False,True,True,False
P014,2026-02-21,47,7,True,True,True,False
P014,2026-02-22,48,7,True,True,True,False
P014,2026-02-23,49,8,True,True,True,False
P014,2026-02-24,50,8,False,True,True,False
P014,2026-02-25,51,8,True,True,True,False
P014,2026-02-26,52,8,True,True,True,False
P014,2026-02-27,53,8,False,True,True,False
P014,2026-02-28,54,8,True,True,True,False
P014,2026-03-01,55,8,True,True,False,False
P015,2026-01-05,0,1,False,True,True,False
P015,2026-01-06,1,1,True,True,True,False
P015,2026-01-07,2,1,False,True,False,False
P015,2026-01-08,3,1,True,True,True,False
P015,2026-01-09,4,1,True,True,True,False
P015,2026-01-10,5,1,True,False,True,False
P015,2026-01-11,6,1,False,True,True,False
P015,2026-01-12,7,2,False,True,True,False
P015,2026-01-13,8,2,False,True,True,False
P015,2026-01-14,9,2,True,True,True,False
P015,2026-01-15,10,2,True,True,True,False
P015,2026-01-16,11,2,True,True,True,False
P015,2026-01-17,12,2,True,True,True,False
P015,2026-01-18,13,2,False,True,True,False
P015,2026-01-19,14,3,True,True,True,False
P015,2026-01-20,15,3,True,False,True,False
P015,2026-01-21,16,3,True,True,True,False
P015,2026-01-22,17,3,True,False,True,False
P015,2026-01-23,18,3,True,True,True,False
P015,2026-01-24,19,3,True,True,False,False
P015,2026-01-25,20,3,True,True,False,False
P015,2026-01-26,21,4,False,True,True,False
P015,2026-01-27,22,4,True,False,True,False
P015,2026-01-28,23,4,True,True,True,False
P015,2026-01-29,24,4,True,False,True,False
P015,2026-01-30,25,4,True,True,True,False
P015,2026-01-31,26,4,False,True,True,False
P015,2026-02-01,27,4,True,True,True,False
P015,2026-02-02,28,5,True,True,True,False
P015,2026-02-03,29,5,True,True,True,False
P015,2026-02-04,30,5,True,True,True,False
P015,2026-02-05,31,5,True,True,True,False
P015,2026-02-06,32,5,True,True,True,False
P015,2026-02-07,33,5,True,True,True,False
P015,2026-02-08,34,5,True,True,True,False
P015,2026-02-09,35,6,False,True,True,False
P015,2026-02-10,36,6,False,True,False,False
P015,2026-02-11,37,6,True,True,True,False
P015,2026-02-12,38,6,True,True,True,False
P015,2026-02-13,39,6,True,True,True,False
P015,2026-02-14,40,6,True,False,False,False
P015,2026-02-15,41,6,False,True,True,False
P015,2026-02-16,42,7,True,True,True,False
P015,2026-02-17,43,7,True,True,True,False
P015,2026-02-18,44,7,True,False,True,False
P015,2026-02-19,45,7,True,True,True,False
P015,2026-02-20,46,7,True,True,True,False
P015,2026-02-21,47,7,False,True,False,False
P015,2026-02-22,48,7,True,True,True,False
P015,2026-02-23,49,8,False,True,True,False
P015,2026-02-24,50,8,True,True,True,False
P015,2026-02-25,51,8,True,True,False,False
P015,2026-02-26,52,8,True,True,True,False
P015,2026-02-27,53,8,True,True,True,False
P015,2026-02-28,54,8,True,True,True,False
P015,2026-03-01,55,8,True,True,True,False
P016,2026-01-05,0,1,False,True,False,False
P016,2026-01-06,1,1,True,True,False,False
P016,2026-01-07,2,1,False,False,False,False
P016,2026-01-08,3,1,False,False,True,False
P016,2026-01-09,4,1,False,True,True,False
P016,2026-01-10,5,1,True,False,True,False
P016,2026-01-11,6,1,True,False,True,False
P016,2026-01-12,7,2,False,True,False,False
P016,2026-01-13,8,2,True,False,True,False
P016,2026-01-14,9,2,True,True,True,False
P016,2026-01-15,10,2,False,False,False,False
P016,2026-01-16,11,2,False,True,True,False
P016,2026-01-17,12,2,True,True,True,False
P016,2026-01-18,13,2,True,True,False,False
P016,2026-01-19,14,3,True,False,True,False
P016,2026-01-20,15,3,False,True,False,False
P016,2026-01-21,16,3,True,True,True,False
P016,2026-01-22,17,3,False,False,True,False
P016,2026-01-23,18,3,True,False,True,False
P016,2026-01-24,19,3,True,False,False,False
P016,2026-01-25,20,3,True,False,False,False
P016,2026-01-26,21,4,True,False,True,False
P016,2026-01-27,22,4,True,True,True,False
P016,2026-01-28,23,4,False,True,True,False
P016,2026-01-29,24,4,True,True,True,False
P016,2026-01-30,25,4,True,True,True,False
P016,2026-01-31,26,4,False,True,True,False
P016,2026-02-01,27,4,True,False,True,False
P016,2026-02-02,28,5,True,False,False,False
P016,2026-02-03,29,5,False,False,True,False
P016,2026-02-04,30,5,True,False,False,False
P016,2026-02-05,31,5,True,True,False,False
P016,2026-02-06,32,5,True,True,True,False
P016,2026-02-07,33,5,False,True,False,False
P016,2026-02-08,34,5,True,True,True,False
P016,2026-02-09,35,6,True,True,True,False
P016,2026-02-10,36,6,False,False,False,False
P016,2026-02-11,37,6,True,True,True,False
P016,2026-02-12,38,6,True,True,False,False
P016,2026-02-13,39,6,False,False,True,False
P016,2026-02-14,40,6,False,False,True,False
P016,2026-02-15,41,6,False,True,False,False
P016,2026-02-16,42,7,True,True,True,False
P016,2026-02-17,43,7,True,False,False,False
P016,2026-02-18,44,7,True,True,False,False
P016,2026-02-19,45,7,True,True,True,False
P016,2026-02-20,46,7,True,False,True,False
P016,2026-02-21,47,7,True,False,True,False
P016,2026-02-22,48,7,True,True,True,False
P016,2026-02-23,49,8,False,True,True,False
P016,2026-02-24,50,8,True,True,False,False
P016,2026-02-25,51,8,True,True,True,False
P016,2026-02-26,52,8,False,False,False,False
P016,2026-02-27,53,8,True,False,False,False
P016,2026-02-28,54,8,True,True,False,False
P016,2026-03-01,55,8,True,False,True,False
P017,2026-01-05,0,1,False,True,True,False
P017,2026-01-06,1,1,True,True,True,False
P017,2026-01-07,2,1,True,True,True,False
P017,2026-01-08,3,1,True,False,True,False
P017,2026-01-09,4,1,True,False,False,False
P017,2026-01-10,5,1,False,False,True,False
P017,2026-01-11,6,1,True,True,True,False
P017,2026-01-12,7,2,False,True,False,False
P017,2026-01-13,8,2,True,True,True,False
P017,2026-01-14,9,2,True,True,False,False
P017,2026-01-15,10,2,False,True,True,False
P017,2026-01-16,11,2,True,True,False,False
P017,2026-01-17,12,2,True,True,True,False
P017,2026-01-18,13,2,True,True,True,False
P017,2026-01-19,14,3,True,False,True,False
P017,2026-01-20,15,3,True,True,True,False
P017,2026-01-21,16,3,True,True,True,False
P017,2026-01-22,17,3,True,True,True,False
P017,2026-01-23,18,3,False,True,False,False
P017,2026-01-24,19,3,True,True,True,False
P017,2026-01-25,20,3,True,True,True,False
P017,2026-01-26,21,4,True,True,True,False
P017,2026-01-27,22,4,True,True,True,False
P017,2026-01-28,23,4,True,True,True,False
P017,2026-01-29,24,4,True,True,True,False
P017,2026-01-30,25,4,True,True,True,False
P017,2026-01-31,26,4,True,True,True,False
P017,2026-02-01,27,4,False,False,True,False
P017,2026-02-02,28,5,False,True,False,False
P017,2026-02-03,29,5,False,False,False,False
P017,2026-02-04,30,5,True,True,True,False
P017,2026-02-05,31,5,True,True,True,False
P017,2026-02-06,32,5,True,True,True,False
P017,2026-02-07,33,5,True,True,True,False
P017,2026-02-08,34,5,False,True,False,False
P017,2026-02-09,35,6,True,True,True,False
P017,2026-02-10,36,6,False,False,True,False
P017,2026-02-11,37,6,True,True,True,False
P017,2026-02-12,38,6,True,True,True,False
P017,2026-02-13,39,6,True,False,True,False
P017,2026-02-14,40,6,True,False,False,False
P017,2026-02-15,41,6,True,True,True,False
P017,2026-02-16,42,7,True,True,True,False
P017,2026-02-17,43,7,True,False,False,False
P017,2026-02-18,44,7,True,True,True,False
P017,2026-02-19,45,7,True,True,True,False
P017,2026-02-20,46,7,True,False,False,False
P017,2026-02-21,47,7,True,True,True,False
P017,2026-02-22,48,7,True,True,True,False
P017,2026-02-23,49,8,True,True,True,False
P017,2026-02-24,50,8,False,True,True,False
P017,2026-02-25,51,8,True,True,True,False
P017,2026-02-26,52,8,True,True,True,False
P017,2026-02-27,53,8,False,True,True,False
P017,2026-02-28,54,8,False,False,True,False
P017,2026-03-01,55,8,False,True,True,False
P018,2026-01-05,0,1,True,False,True,False
P018,2026-01-06,1,1,True,True,True,False
P018,2026-01-07,2,1,False,True,False,False
P018,2026-01-08,3,1,True,True,False,False
P018,2026-01-09,4,1,True,True,False,False
P018,2026-01-10,5,1,True,True,True,False
P018,2026-01-11,6,1,False,True,True,False
P018,2026-01-12,7,2,False,True,True,False
P018,2026-01-13,8,2,True,False,True,False
P018,2026-01-14,9,2,True,True,True,False
P018,2026-01-15,10,2,True,False,True,False
P018,2026-01-16,11,2,True,True,False,False
P018,2026-01-17,12,2,True,False,False,False
P018,2026-01-18,13,2,True,True,True,False
P018,2026-01-19,14,3,True,False,False,False
P018,2026-01-20,15,3,True,True,False,False
P018,2026-01-21,16,3,True,True,False,False
P018,2026-01-22,17,3,True,True,True,False
P018,2026-01-23,18,3,True,True,True,False
P018,2026-01-24,19,3,True,False,True,False
P018,2026-01-25,20,3,True,True,False,False
P018,2026-01-26,21,4,True,True,False,False
P018,2026-01-27,22,4,True,True,True,False
P018,2026-01-28,23,4,True,False,True,False
P018,2026-01-29,24,4,True,True,True,False
P018,2026-01-30,25,4,True,True,True,False
P018,2026-01-31,26,4,True,True,True,False
P018,2026-02-01,27,4,True,False,True,False
P018,2026-02-02,28,5,True,True,True,False
P018,2026-02-03,29,5,False,True,False,False
P018,2026-02-04,30,5,True,True,False,False
P018,2026-02-05,31,5,True,True,False,False
P018,2026-02-06,32,5,False,True,False,False
P018,2026-02-07,33,5,False,True,False,False
P018,2026-02-08,34,5,False,True,True,False
P018,2026-02-09,35,6,True,True,True,False
P018,2026-02-10,36,6,True,True,False,False
P018,2026-02-11,37,6,True,True,False,False
P018,2026-02-12,38,6,True,True,False,False
P018,2026-02-13,39,6,True,False,True,False
P018,2026-02-14,40,6,True,False,False,False
P018,2026-02-15,41,6,True,True,True,False
P018,2026-02-16,42,7,True,False,True,False
P018,2026-02-17,43,7,False,False,False,False
P018,2026-02-18,44,7,True,True,True,False
P018,2026-02-19,45,7,False,False,False,False
P018,2026-02-20,46,7,True,True,False,False
P018,2026-02-21,47,7,False,False,True,False
P018,2026-02-22,48,7,True,True,True,False
P018,2026-02-23,49,8,False,True,False,False
P018,2026-02-24,50,8,True,False,True,False
P018,2026-02-25,51,8,False,True,False,False
P018,2026-02-26,52,8,False,True,False,False
P018,2026-02-27,53,8,True,True,False,False
P018,2026-02-28,54,8,True,True,True,False
P018,2026-03-01,55,8,True,True,True,False
P019,2026-01-05,0,1,True,True,True,False
P019,2026-01-06,1,1,True,True,True,False
P019,2026-01-07,2,1,True,True,True,False
P019,2026-01-08,3,1,True,True,True,False
P019,2026-01-09,4,1,True,False,True,False
P019,2026-01-10,5,1,True,True,True,False
P019,2026-01-11,6,1,True,True,True,False
P019,2026-01-12,7,2,True,True,False,False
P019,2026-01-13,8,2,True,True,True,False
P019,2026-01-14,9,2,True,True,True,False
P019,2026-01-15,10,2,True,True,False,False
P019,2026-01-16,11,2,True,True,True,False
P019,2026-01-17,12,2,True,True,True,False
P019,2026-01-18,13,2,True,True,True,False
P019,2026-01-19,14,3,True,True,True,False
P019,2026-01-20,15,3,True,True,True,False
P019,2026-01-21,16,3,False,True,False,False
P019,2026-01-22,17,3,False,False,True,False
P019,2026-01-23,18,3,True,True,True,False
P019,2026-01-24,19,3,True,True,False,False
P019,2026-01-25,20,3,True,True,True,False
P019,2026-01-26,21,4,True,True,True,False
P019,2026-01-27,22,4,False,True,True,False
P019,2026-01-28,23,4,False,True,True,False
P019,2026-01-29,24,4,True,True,True,False
P019,2026-01-30,25,4,True,True,False,False
P019,2026-01-31,26,4,False,True,False,False
P019,2026-02-01,27,4,True,True,False,False
P019,2026-02-02,28,5,False,True,True,False
P019,2026-02-03,29,5,True,True,True,False
P019,2026-02-04,30,5,False,False,True,False
P019,2026-02-05,31,5,True,True,True,False
P019,2026-02-06,32,5,True,False,True,False
P019,2026-02-07,33,5,True,True,True,False
P019,2026-02-08,34,5,False,True,False,False
P019,2026-02-09,35,6,False,True,True,False
P019,2026-02-10,36,6,True,True,False,False
P019,2026-02-11,37,6,True,True,True,False
P019,2026-02-12,38,6,True,True,True,False
P019,2026-02-13,39,6,True,True,True,False
P019,2026-02-14,40,6,True,True,True,False
P019,2026-02-15,41,6,True,True,True,False
P019,2026-02-16,42,7,True,True,True,False
P019,2026-02-17,43,7,True,False,True,False
P019,2026-02-18,44,7,True,True,True,False
P019,2026-02-19,45,7,True,True,True,False
P019,2026-02-20,46,7,True,False,False,False
P019,2026-02-21,47,7,True,True,True,False
P019,2026-02-22,48,7,True,True,True,False
P019,2026-02-23,49,8,True,True,True,False
P019,2026-02-24,50,8,True,True,True,False
P019,2026-02-25,51,8,True,True,True,False
P019,2026-02-26,52,8,True,True,True,False
P019,2026-02-27,53,8,True,False,True,False
P019,2026-02-28,54,8,True,True,True,False
P019,2026-03-01,55,8,True,False,True,False
P020,2026-01-05,0,1,True,True,True,False
P020,2026-01-06,1,1,True,False,False,False
P020,2026-01-07,2,1,True,False,True,False
P020,2026-01-08,3,1,True,True,True,False
P020,2026-01-09,4,1,True,True,True,False
P020,2026-01-10,5,1,True,True,True,False
P020,2026-01-11,6,1,False,True,False,False
P020,2026-01-12,7,2,True,False,True,False
P020,2026-01-13,8,2,True,True,True,False
P020,2026-01-14,9,2,True,False,True,False
P020,2026-01-15,10,2,True,True,True,False
P020,2026-01-16,11,2,True,True,True,False
P020,2026-01-17,12,2,True,True,False,False
P020,2026-01-18,13,2,True,False,True,False
P020,2026-01-19,14,3,False,True,True,False
P020,2026-01-20,15,3,True,True,False,False
P020,2026-01-21,16,3,True,True,True,False
P020,2026-01-22,17,3,True,True,True,False
P020,2026-01-23,18,3,True,False,True,False
P020,2026-01-24,19,3,True,True,False,False
P020,2026-01-25,20,3,True,True,True,False
P020,2026-01-26,21,4,True,True,True,False
P020,2026-01-27,22,4,True,True,True,False
P020,2026-01-28,23,4,True,True,True,False
P020,2026-01-29,24,4,True,True,True,False
P020,2026-01-30,25,4,True,True,True,False
P020,2026-01-31,26,4,True,True,True,False
P020,2026-02-01,27,4,True,True,True,False
P020,2026-02-02,28,5,True,True,True,False
P020,2026-02-03,29,5,True,True,True,False
P020,2026-02-04,30,5,True,True,True,False
P020,2026-02-05,31,5,True,True,True,False
P020,2026-02-06,32,5,True,True,True,False
P020,2026-02-07,33,5,True,True,True,False
P020,2026-02-08,34,5,False,True,True,False
P020,2026-02-09,35,6,True,True,True,False
P020,2026-02-10,36,6,True,True,True,False
P020,2026-02-11,37,6,True,True,True,False
P020,2026-02-12,38,6,True,True,True,False
P020,2026-02-13,39,6,True,True,False,False
P020,2026-02-14,40,6,True,True,True,False
P020,2026-02-15,41,6,True,True,True,False
P020,2026-02-16,42,7,True,True,False,False
P020,2026-02-17,43,7,True,True,True,False
P020,2026-02-18,44,7,True,True,True,False
P020,2026-02-19,45,7,True,True,False,False
P020,2026-02-20,46,7,True,False,False,False
P020,2026-02-21,47,7,True,False,False,False
P020,2026-02-22,48,7,True,True,True,False
P020,2026-02-23,49,8,True,True,True,False
P020,2026-02-24,50,8,True,True,True,False
P020,2026-02-25,51,8,True,True,True,False
P020,2026-02-26,52,8,True,False,False,False
P020,2026-02-27,53,8,True,True,True,False
P020,2026-02-28,54,8,True,True,True,False
P020,2026-03-01,55,8,True,True,True,False
