patient_id,date,edge_case_type
P001,2026-01-21,missing_data
P001,2026-01-23,implausible_reading
P001,2026-02-07,missing_data
P001,2026-02-25,missing_data
P002,2026-01-06,missing_data
P002,2026-01-28,rapid_weight_gain
P002,2026-02-10,missing_data
P002,2026-02-19,sync_failure
P004,2026-01-27,missing_data
P005,2026-01-06,missing_data
P005,2026-01-29,missing_data
P005,2026-02-01,missing_data
P006,2026-01-09,missing_data
P007,2026-01-31,missing_data
P007,2026-02-24,missing_data
P008,2026-02-03,missing_data
P009,2026-01-06,missing_data
P009,2026-01-13,missing_data
P009,2026-01-22,missing_data
P010,2026-01-10,missing_data
P011,2026-02-11,missing_data
P012,2026-01-23,missing_data
P012,2026-02-15,missing_data
P013,2026-02-06,missing_data
P013,2026-02-07,missing_data
P013,2026-02-14,missing_data
P014,2026-01-13,missing_data
P014,2026-02-05,missing_data
P014,2026-02-08,missing_data
P015,2026-02-14,missing_data
P016,2026-01-15,missing_data
P016,2026-01-24,missing_data
P016,2026-02-02,missing_data
P017,2026-02-14,missing_data
P017,2026-02-17,missing_data
P020,2026-01-06,missing_data
P020,2026-02-20,missing_data
