condition,patient_id,date,severity,reason,status
baseline,P001,2026-01-23 00:00:00,urgent,implausible_reading,pending
baseline,P001,2026-02-17 00:00:00,urgent,sustained_gain_above_threshold,pending
baseline,P001,2026-02-18 00:00:00,urgent,sustained_gain_above_threshold,pending
baseline,P001,2026-02-19 00:00:00,urgent,sustained_gain_above_threshold,pending
baseline,P001,2026-02-20 00:00:00,urgent,sustained_gain_above_threshold,pending
baseline,P001,2026-02-21 00:00:00,urgent,sustained_gain_above_threshold,pending
baseline,P001,2026-02-22 00:00:00,urgent,sustained_gain_above_threshold,pending
baseline,P001,2026-02-23 00:00:00,urgent,sustained_gain_above_threshold,pending
baseline,P001,2026-02-24 00:00:00,urgent,sustained_gain_above_threshold,pending
baseline,P001,2026-02-26 00:00:00,urgent,sustained_gain_above_threshold,pending
baseline,P001,2026-02-27 00:00:00,urgent,sustained_gain_above_threshold,pending
baseline,P001,2026-02-28 00:00:00,urgent,sustained_gain_above_threshold,pending
baseline,P001,2026-03-01 00:00:00,urgent,sustained_gain_above_threshold,pending
baseline,P002,2026-01-28 00:00:00,urgent,sustained_gain_above_threshold,pending
baseline,P002,2026-01-29 00:00:00,urgent,sustained_gain_above_threshold,pending
baseline,P002,2026-01-30 00:00:00,urgent,sustained_gain_above_threshold,pending
baseline,P002,2026-01-31 00:00:00,urgent,sustained_gain_above_threshold,pending
baseline,P002,2026-02-01 00:00:00,urgent,sustained_gain_above_threshold,pending
baseline,P002,2026-02-02 00:00:00,urgent,sustained_gain_above_threshold,pending
baseline,P002,2026-02-03 00:00:00,urgent,sustained_gain_above_threshold,pending
baseline,P002,2026-02-04 00:00:00,urgent,sustained_gain_above_threshold,pending
baseline,P002,2026-02-05 00:00:00,urgent,sustained_gain_above_threshold,pending
baseline,P002,2026-02-06 00:00:00,urgent,sustained_gain_above_threshold,pending
baseline,P002,2026-02-07 00:00:00,urgent,sustained_gain_above_threshold,pending
baseline,P002,2026-02-08 00:00:00,urgent,sustained_gain_above_threshold,pending
baseline,P002,2026-02-09 00:00:00,urgent,sustained_gain_above_threshold,pending
baseline,P002,2026-02-11 00:00:00,urgent,sustained_gain_above_threshold,pending
baseline,P002,2026-02-12 00:00:00,urgent,sustained_gain_above_threshold,pending
baseline,P002,2026-02-13 00:00:00,urgent,sustained_gain_above_threshold,pending
baseline,P002,2026-02-14 00:00:00,urgent,sustained_gain_above_threshold,pending
baseline,P002,2026-02-15 00:00:00,urgent,sustained_gain_above_threshold,pending
baseline,P002,2026-02-16 00:00:00,urgent,sustained_gain_above_threshold,pending
baseline,P002,2026-02-17 00:00:00,urgent,sustained_gain_above_threshold,pending
baseline,P002,2026-02-18 00:00:00,urgent,sustained_gain_above_threshold,pending
baseline,P002,2026-02-19 00:00:00,urgent,sustained_gain_above_threshold,pending
baseline,P002,2026-02-20 00:00:00,urgent,sustained_gain_above_threshold,pending
baseline,P002,2026-02-21 00:00:00,urgent,sustained_gain_above_threshold,pending
baseline,P002,2026-02-22 00:00:00,urgent,sustained_gain_above_threshold,pending
baseline,P002,2026-02-23 00:00:00,urgent,sustained_gain_above_threshold,pending
baseline,P002,2026-02-24 00:00:00,urgent,sustained_gain_above_threshold,pending
baseline,P002,2026-02-25 00:00:00,urgent,sustained_gain_above_threshold,pending
baseline,P002,2026-02-26 00:00:00,urgent,sustained_gain_above_threshold,pending
baseline,P002,2026-02-27 00:00:00,urgent,sustained_gain_above_threshold,pending
baseline,P002,2026-02-28 00:00:00,urgent,sustained_gain_above_threshold,pending
baseline,P002,2026-03-01 00:00:00,urgent,sustained_gain_above_threshold,pending
baseline,P004,2026-01-18 00:00:00,urgent,high_symptom_score,pending
baseline,P004,2026-02-21 00:00:00,urgent,sustained_gain_above_threshold,pending
baseline,P004,2026-02-22 00:00:00,urgent,sustained_gain_above_threshold,pending
baseline,P004,2026-02-23 00:00:00,urgent,sustained_gain_above_threshold,pending
baseline,P004,2026-02-24 00:00:00,urgent,sustained_gain_above_threshold,pending
baseline,P004,2026-02-25 00:00:00,urgent,sustained_gain_above_threshold,pending
baseline,P004,2026-02-26 00:00:00,urgent,sustained_gain_above_threshold,pending
baseline,P004,2026-02-27 00:00:00,urgent,sustained_gain_above_threshold,pending
baseline,P004,2026-02-28 00:00:00,urgent,sustained_gain_above_threshold,pending
baseline,P004,2026-03-01 00:00:00,urgent,sustained_gain_above_threshold,pending
baseline,P005,2026-01-22 00:00:00,urgent,sustained_gain_above_threshold,pending
baseline,P006,2026-01-10 00:00:00,urgent,high_symptom_score,pending
baseline,P006,2026-01-30 00:00:00,urgent,high_symptom_score,pending
baseline,P006,2026-02-16 00:00:00,urgent,high_symptom_score,pending
baseline,P006,2026-02-19 00:00:00,urgent,high_symptom_score,pending
baseline,P006,2026-02-22 00:00:00,urgent,sustained_gain_above_threshold,pending
baseline,P006,2026-02-23 00:00:00,urgent,sustained_gain_above_threshold,pending
baseline,P008,2026-01-20 00:00:00,urgent,sustained_gain_above_threshold,pending
baseline,P008,2026-01-21 00:00:00,urgent,sustained_gain_above_threshold,pending
baseline,P008,2026-01-22 00:00:00,urgent,sustained_gain_above_threshold,pending
baseline,P008,2026-01-23 00:00:00,urgent,sustained_gain_above_threshold,pending
baseline,P008,2026-01-24 00:00:00,urgent,sustained_gain_above_threshold,pending
baseline,P008,2026-01-25 00:00:00,urgent,sustained_gain_above_threshold,pending
baseline,P008,2026-01-26 00:00:00,urgent,sustained_gain_above_threshold,pending
baseline,P008,2026-01-27 00:00:00,urgent,sustained_gain_above_threshold,pending
baseline,P008,2026-01-28 00:00:00,urgent,sustained_gain_above_threshold,pending
baseline,P008,2026-01-29 00:00:00,urgent,sustained_gain_above_threshold,pending
baseline,P008,2026-01-30 00:00:00,urgent,sustained_gain_above_threshold,pending
baseline,P008,2026-02-13 00:00:00,urgent,sustained_gain_above_threshold,pending
baseline,P008,2026-02-14 00:00:00,urgent,sustained_gain_above_threshold,pending
baseline,P008,2026-02-15 00:00:00,urgent,sustained_gain_above_threshold,pending
baseline,P008,2026-02-16 00:00:00,urgent,sustained_gain_above_threshold,pending
baseline,P008,2026-02-17 00:00:00,urgent,sustained_gain_above_threshold,pending
baseline,P008,2026-02-18 00:00:00,urgent,sustained_gain_above_threshold,pending
baseline,P008,2026-02-19 00:00:00,urgent,sustained_gain_above_threshold,pending
baseline,P008,2026-02-20 00:00:00,urgent,sustained_gain_above_threshold,pending
baseline,P008,2026-02-21 00:00:00,urgent,sustained_gain_above_threshold,pending
baseline,P008,2026-02-22 00:00:00,urgent,sustained_gain_above_threshold,pending
baseline,P008,2026-02-23 00:00:00,urgent,sustained_gain_above_threshold,pending
baseline,P008,2026-02-24 00:00:00,urgent,sustained_gain_above_threshold,pending
baseline,P008,2026-02-25 00:00:00,urgent,sustained_gain_above_threshold,pending
baseline,P008,2026-02-26 00:00:00,urgent,sustained_gain_above_threshold,pending
baseline,P008,2026-02-27 00:00:00,urgent,sustained_gain_above_threshold,pending
baseline,P008,2026-02-28 00:00:00,urgent,sustained_gain_above_threshold,pending
baseline,P008,2026-03-01 00:00:00,urgent,sustained_gain_above_threshold,pending
baseline,P010,2026-01-13 00:00:00,urgent,high_symptom_score,pending
baseline,P010,2026-01-18 00:00:00,urgent,high_symptom_score,pending
baseline,P012,2026-01-30 00:00:00,urgent,sustained_gain_above_threshold,pending
baseline,P012,2026-02-05 00:00:00,urgent,sustained_gain_above_threshold,pending
baseline,P012,2026-02-16 00:00:00,urgent,sustained_gain_above_threshold,pending
baseline,P012,2026-02-17 00:00:00,urgent,sustained_gain_above_threshold,pending
baseline,P012,2026-02-18 00:00:00,urgent,sustained_gain_above_threshold,pending
baseline,P012,2026-02-19 00:00:00,urgent,sustained_gain_above_threshold,pending
baseline,P012,2026-02-20 00:00:00,urgent,sustained_gain_above_threshold,pending
baseline,P012,2026-02-21 00:00:00,urgent,sustained_gain_above_threshold,pending
baseline,P012,2026-02-22 00:00:00,urgent,sustained_gain_above_threshold,pending
baseline,P012,2026-02-23 00:00:00,urgent,sustained_gain_above_threshold,pending
baseline,P012,2026-02-24 00:00:00,urgent,sustained_gain_above_threshold,pending
baseline,P012,2026-02-25 00:00:00,urgent,sustained_gain_above_threshold,pending
baseline,P012,2026-02-26 00:00:00,urgent,sustained_gain_above_threshold,pending
baseline,P012,2026-02-27 00:00:00,urgent,sustained_gain_above_threshold,pending
baseline,P012,2026-03-01 00:00:00,urgent,sustained_gain_above_threshold,pending
baseline,P014,2026-02-22 00:00:00,urgent,sustained_gain_above_threshold,pending
baseline,P020,2026-02-04 00:00:00,urgent,high_symptom_score,pending
prototype,P001,2026-01-23 00:00:00,urgent,implausible_reading,pending
prototype,P001,2026-01-24 00:00:00,urgent,rapid_weight_gain,pending
prototype,P001,2026-02-17 00:00:00,urgent,sustained_gain_above_threshold,pending
prototype,P001,2026-02-18 00:00:00,urgent,sustained_gain_above_threshold,pending
prototype,P001,2026-02-19 00:00:00,urgent,sustained_gain_above_threshold,pending
prototype,P001,2026-02-20 00:00:00,urgent,sustained_gain_above_threshold,pending
prototype,P001,2026-02-21 00:00:00,urgent,sustained_gain_above_threshold,pending
prototype,P001,2026-02-22 00:00:00,urgent,sustained_gain_above_threshold,pending
prototype,P001,2026-02-23 00:00:00,urgent,sustained_gain_above_threshold,pending
prototype,P001,2026-02-24 00:00:00,urgent,sustained_gain_above_threshold,pending
prototype,P001,2026-02-26 00:00:00,urgent,sustained_gain_above_threshold,pending
prototype,P001,2026-02-27 00:00:00,urgent,sustained_gain_above_threshold,pending
prototype,P001,2026-02-28 00:00:00,urgent,sustained_gain_above_threshold,pending
prototype,P001,2026-03-01 00:00:00,urgent,sustained_gain_above_threshold,pending
prototype,P002,2026-01-28 00:00:00,urgent,rapid_weight_gain,pending
prototype,P002,2026-01-29 00:00:00,urgent,sustained_gain_above_threshold,pending
prototype,P002,2026-01-30 00:00:00,urgent,sustained_gain_above_threshold,pending
prototype,P002,2026-01-31 00:00:00,urgent,sustained_gain_above_threshold,pending
prototype,P002,2026-02-01 00:00:00,urgent,sustained_gain_above_threshold,pending
prototype,P002,2026-02-02 00:00:00,urgent,sustained_gain_above_threshold,pending
prototype,P002,2026-02-03 00:00:00,urgent,sustained_gain_above_threshold,pending
prototype,P002,2026-02-04 00:00:00,urgent,sustained_gain_above_threshold,pending
prototype,P002,2026-02-05 00:00:00,urgent,sustained_gain_above_threshold,pending
prototype,P002,2026-02-06 00:00:00,urgent,sustained_gain_above_threshold,pending
prototype,P002,2026-02-07 00:00:00,urgent,sustained_gain_above_threshold,pending
prototype,P002,2026-02-08 00:00:00,urgent,sustained_gain_above_threshold,pending
prototype,P002,2026-02-09 00:00:00,urgent,sustained_gain_above_threshold,pending
prototype,P002,2026-02-11 00:00:00,urgent,sustained_gain_above_threshold,pending
prototype,P002,2026-02-12 00:00:00,urgent,sustained_gain_above_threshold,pending
prototype,P002,2026-02-13 00:00:00,urgent,sustained_gain_above_threshold,pending
prototype,P002,2026-02-14 00:00:00,urgent,sustained_gain_above_threshold,pending
prototype,P002,2026-02-15 00:00:00,urgent,sustained_gain_above_threshold,pending
prototype,P002,2026-02-16 00:00:00,urgent,sustained_gain_above_threshold,pending
prototype,P002,2026-02-17 00:00:00,urgent,sustained_gain_above_threshold,pending
prototype,P002,2026-02-18 00:00:00,urgent,sustained_gain_above_threshold,pending
prototype,P002,2026-02-19 00:00:00,urgent,sustained_gain_above_threshold,pending
prototype,P002,2026-02-20 00:00:00,urgent,sustained_gain_above_threshold,pending
prototype,P002,2026-02-21 00:00:00,urgent,sustained_gain_above_threshold,pending
prototype,P002,2026-02-22 00:00:00,urgent,sustained_gain_above_threshold,pending
prototype,P002,2026-02-23 00:00:00,urgent,sustained_gain_above_threshold,pending
prototype,P002,2026-02-24 00:00:00,urgent,sustained_gain_above_threshold,pending
prototype,P002,2026-02-25 00:00:00,urgent,sustained_gain_above_threshold,pending
prototype,P002,2026-02-26 00:00:00,urgent,sustained_gain_above_threshold,pending
prototype,P002,2026-02-27 00:00:00,urgent,sustained_gain_above_threshold,pending
prototype,P002,2026-02-28 00:00:00,urgent,sustained_gain_above_threshold,pending
prototype,P002,2026-03-01 00:00:00,urgent,sustained_gain_above_threshold,pending
prototype,P004,2026-01-18 00:00:00,urgent,high_symptom_score,pending
prototype,P004,2026-02-21 00:00:00,urgent,sustained_gain_above_threshold,pending
prototype,P004,2026-02-22 00:00:00,urgent,sustained_gain_above_threshold,pending
prototype,P004,2026-02-23 00:00:00,urgent,sustained_gain_above_threshold,pending
prototype,P004,2026-02-24 00:00:00,urgent,sustained_gain_above_threshold,pending
prototype,P004,2026-02-25 00:00:00,urgent,sustained_gain_above_threshold,pending
prototype,P004,2026-02-26 00:00:00,urgent,sustained_gain_above_threshold,pending
prototype,P004,2026-02-27 00:00:00,urgent,sustained_gain_above_threshold,pending
prototype,P004,2026-02-28 00:00:00,urgent,rapid_weight_gain,pending
prototype,P004,2026-03-01 00:00:00,urgent,sustained_gain_above_threshold,pending
prototype,P005,2026-01-22 00:00:00,urgent,sustained_gain_above_threshold,pending
prototype,P006,2026-01-10 00:00:00,urgent,high_symptom_score,pending
prototype,P006,2026-01-30 00:00:00,urgent,high_symptom_score,pending
prototype,P006,2026-02-16 00:00:00,urgent,high_symptom_score,pending
prototype,P006,2026-02-19 00:00:00,urgent,high_symptom_score,pending
prototype,P006,2026-02-22 00:00:00,urgent,sustained_gain_above_threshold,pending
prototype,P006,2026-02-23 00:00:00,urgent,sustained_gain_above_threshold,pending
prototype,P008,2026-01-20 00:00:00,urgent,sustained_gain_above_threshold,pending
prototype,P008,2026-01-21 00:00:00,urgent,sustained_gain_above_threshold,pending
prototype,P008,2026-01-22 00:00:00,urgent,sustained_gain_above_threshold,pending
prototype,P008,2026-01-23 00:00:00,urgent,sustained_gain_above_threshold,pending
prototype,P008,2026-01-24 00:00:00,urgent,sustained_gain_above_threshold,pending
prototype,P008,2026-01-25 00:00:00,urgent,sustained_gain_above_threshold,pending
prototype,P008,2026-01-26 00:00:00,urgent,sustained_gain_above_threshold,pending
prototype,P008,2026-01-27 00:00:00,urgent,sustained_gain_above_threshold,pending
prototype,P008,2026-01-28 00:00:00,urgent,sustained_gain_above_threshold,pending
prototype,P008,2026-01-29 00:00:00,urgent,sustained_gain_above_threshold,pending
prototype,P008,2026-01-30 00:00:00,urgent,sustained_gain_above_threshold,pending
prototype,P008,2026-02-13 00:00:00,urgent,sustained_gain_above_threshold,pending
prototype,P008,2026-02-14 00:00:00,urgent,sustained_gain_above_threshold,pending
prototype,P008,2026-02-15 00:00:00,urgent,sustained_gain_above_threshold,pending
prototype,P008,2026-02-16 00:00:00,urgent,sustained_gain_above_threshold,pending
prototype,P008,2026-02-17 00:00:00,urgent,sustained_gain_above_threshold,pending
prototype,P008,2026-02-18 00:00:00,urgent,sustained_gain_above_threshold,pending
prototype,P008,2026-02-19 00:00:00,urgent,sustained_gain_above_threshold,pending
prototype,P008,2026-02-20 00:00:00,urgent,sustained_gain_above_threshold,pending
prototype,P008,2026-02-21 00:00:00,urgent,sustained_gain_above_threshold,pending
prototype,P008,2026-02-22 00:00:00,urgent,sustained_gain_above_threshold,pending
prototype,P008,2026-02-23 00:00:00,urgent,sustained_gain_above_threshold,pending
prototype,P008,2026-02-24 00:00:00,urgent,sustained_gain_above_threshold,pending
prototype,P008,2026-02-25 00:00:00,urgent,sustained_gain_above_threshold,pending
prototype,P008,2026-02-26 00:00:00,urgent,sustained_gain_above_threshold,pending
prototype,P008,2026-02-27 00:00:00,urgent,sustained_gain_above_threshold,pending
prototype,P008,2026-02-28 00:00:00,urgent,sustained_gain_above_threshold,pending
prototype,P008,2026-03-01 00:00:00,urgent,sustained_gain_above_threshold,pending
prototype,P010,2026-01-13 00:00:00,urgent,high_symptom_score,pending
prototype,P010,2026-01-18 00:00:00,urgent,high_symptom_score,pending
prototype,P012,2026-01-30 00:00:00,urgent,sustained_gain_above_threshold,pending
prototype,P012,2026-02-05 00:00:00,urgent,sustained_gain_above_threshold,pending
prototype,P012,2026-02-16 00:00:00,urgent,sustained_gain_above_threshold,pending
prototype,P012,2026-02-17 00:00:00,urgent,sustained_gain_above_threshold,pending
prototype,P012,2026-02-18 00:00:00,urgent,sustained_gain_above_threshold,pending
prototype,P012,2026-02-19 00:00:00,urgent,sustained_gain_above_threshold,pending
prototype,P012,2026-02-20 00:00:00,urgent,sustained_gain_above_threshold,pending
prototype,P012,2026-02-21 00:00:00,urgent,sustained_gain_above_threshold,pending
prototype,P012,2026-02-22 00:00:00,urgent,sustained_gain_above_threshold,pending
prototype,P012,2026-02-23 00:00:00,urgent,sustained_gain_above_threshold,pending
prototype,P012,2026-02-24 00:00:00,urgent,sustained_gain_above_threshold,pending
prototype,P012,2026-02-25 00:00:00,urgent,sustained_gain_above_threshold,pending
prototype,P012,2026-02-26 00:00:00,urgent,sustained_gain_above_threshold,pending
prototype,P012,2026-02-27 00:00:00,urgent,sustained_gain_above_threshold,pending
prototype,P012,2026-03-01 00:00:00,urgent,sustained_gain_above_threshold,pending
prototype,P014,2026-02-22 00:00:00,urgent,sustained_gain_above_threshold,pending
prototype,P020,2026-02-04 00:00:00,urgent,high_symptom_score,pending
