patient_id,journey,condition,week,participation_rate,comprehension_rate
P001,low_urgency,prototype,1,0.8571428571428571,
P001,low_urgency,prototype,2,0.8571428571428571,1.0
P001,low_urgency,prototype,3,0.42857142857142855,1.0
P001,low_urgency,prototype,4,0.8571428571428571,
P001,low_urgency,prototype,5,0.7142857142857143,1.0
P001,low_urgency,prototype,6,0.8571428571428571,1.0
P001,low_urgency,prototype,7,0.8571428571428571,1.0
P001,low_urgency,prototype,8,0.7142857142857143,1.0
P002,high_urgency,prototype,1,0.8571428571428571,1.0
P002,high_urgency,prototype,2,0.8571428571428571,1.0
P002,high_urgency,prototype,3,0.5714285714285714,1.0
P002,high_urgency,prototype,4,1.0,1.0
P002,high_urgency,prototype,5,0.8571428571428571,1.0
P002,high_urgency,prototype,6,0.7142857142857143,1.0
P002,high_urgency,prototype,7,0.8571428571428571,1.0
P002,high_urgency,prototype,8,0.8571428571428571,1.0
P003,background_stable,prototype,1,0.8571428571428571,
P003,background_stable,prototype,2,0.5714285714285714,1.0
P003,background_stable,prototype,3,0.7142857142857143,1.0
P003,background_stable,prototype,4,0.8571428571428571,1.0
P003,background_stable,prototype,5,1.0,1.0
P003,background_stable,prototype,6,0.7142857142857143,
P003,background_stable,prototype,7,1.0,1.0
P003,background_stable,prototype,8,0.8571428571428571,1.0
P004,background_variable,prototype,1,0.7142857142857143,1.0
P004,background_variable,prototype,2,0.5714285714285714,1.0
P004,background_variable,prototype,3,0.8571428571428571,1.0
P004,background_variable,prototype,4,0.8571428571428571,1.0
P004,background_variable,prototype,5,0.7142857142857143,
P004,background_variable,prototype,6,0.8571428571428571,1.0
P004,background_variable,prototype,7,0.8571428571428571,1.0
P004,background_variable,prototype,8,1.0,1.0
P005,background_stable,prototype,1,0.7142857142857143,
P005,background_stable,prototype,2,0.5714285714285714,1.0
P005,background_stable,prototype,3,0.7142857142857143,1.0
P005,background_stable,prototype,4,0.7142857142857143,
P005,background_stable,prototype,5,0.8571428571428571,1.0
P005,background_stable,prototype,6,0.8571428571428571,1.0
P005,background_stable,prototype,7,0.7142857142857143,1.0
P005,background_stable,prototype,8,1.0,
P006,background_variable,prototype,1,0.5714285714285714,1.0
P006,background_variable,prototype,2,0.8571428571428571,1.0
P006,background_variable,prototype,3,1.0,1.0
P006,background_variable,prototype,4,0.8571428571428571,1.0
P006,background_variable,prototype,5,0.42857142857142855,
P006,background_variable,prototype,6,1.0,1.0
P006,background_variable,prototype,7,1.0,1.0
P006,background_variable,prototype,8,0.8571428571428571,1.0
P007,background_stable,prototype,1,0.8571428571428571,1.0
P007,background_stable,prototype,2,0.7142857142857143,1.0
P007,background_stable,prototype,3,0.7142857142857143,1.0
P007,background_stable,prototype,4,0.8571428571428571,1.0
P007,background_stable,prototype,5,0.7142857142857143,1.0
P007,background_stable,prototype,6,0.7142857142857143,
P007,background_stable,prototype,7,0.5714285714285714,1.0
P007,background_stable,prototype,8,0.8571428571428571,1.0
P008,background_variable,prototype,1,0.5714285714285714,
P008,background_variable,prototype,2,0.5714285714285714,1.0
P008,background_variable,prototype,3,0.8571428571428571,
P008,background_variable,prototype,4,0.42857142857142855,0.0
P008,background_variable,prototype,5,0.7142857142857143,1.0
P008,background_variable,prototype,6,0.8571428571428571,1.0
P008,background_variable,prototype,7,0.8571428571428571,1.0
P008,background_variable,prototype,8,0.7142857142857143,1.0
P009,background_stable,prototype,1,0.7142857142857143,1.0
P009,background_stable,prototype,2,0.5714285714285714,1.0
P009,background_stable,prototype,3,0.8571428571428571,1.0
P009,background_stable,prototype,4,0.42857142857142855,1.0
P009,background_stable,prototype,5,0.7142857142857143,1.0
P009,background_stable,prototype,6,0.8571428571428571,
P009,background_stable,prototype,7,0.8571428571428571,0.0
P009,background_stable,prototype,8,0.5714285714285714,0.0
P010,background_variable,prototype,1,0.42857142857142855,
P010,background_variable,prototype,2,1.0,1.0
P010,background_variable,prototype,3,0.5714285714285714,1.0
P010,background_variable,prototype,4,0.8571428571428571,1.0
P010,background_variable,prototype,5,1.0,
P010,background_variable,prototype,6,0.8571428571428571,
P010,background_variable,prototype,7,1.0,1.0
P010,background_variable,prototype,8,0.8571428571428571,1.0
P011,background_stable,prototype,1,0.8571428571428571,1.0
P011,background_stable,prototype,2,0.7142857142857143,1.0
P011,background_stable,prototype,3,1.0,1.0
P011,background_stable,prototype,4,0.8571428571428571,1.0
P011,background_stable,prototype,5,0.7142857142857143,1.0
P011,background_stable,prototype,6,1.0,1.0
P011,background_stable,prototype,7,0.7142857142857143,1.0
P011,background_stable,prototype,8,0.5714285714285714,1.0
P012,background_variable,prototype,1,0.7142857142857143,1.0
P012,background_variable,prototype,2,0.8571428571428571,1.0
P012,background_variable,prototype,3,0.5714285714285714,1.0
P012,background_variable,prototype,4,0.7142857142857143,1.0
P012,background_variable,prototype,5,0.7142857142857143,1.0
P012,background_variable,prototype,6,1.0,1.0
P012,background_variable,prototype,7,0.7142857142857143,1.0
P012,background_variable,prototype,8,1.0,1.0
P013,background_stable,prototype,1,0.8571428571428571,1.0
P013,background_stable,prototype,2,0.8571428571428571,1.0
P013,background_stable,prototype,3,0.7142857142857143,1.0
P013,background_stable,prototype,4,0.7142857142857143,1.0
P013,background_stable,prototype,5,1.0,1.0
P013,background_stable,prototype,6,1.0,1.0
P013,background_stable,prototype,7,1.0,1.0
P013,background_stable,prototype,8,0.8571428571428571,
P014,background_variable,prototype,1,1.0,1.0
P014,background_variable,prototype,2,0.7142857142857143,1.0
P014,background_variable,prototype,3,1.0,
P014,background_variable,prototype,4,0.5714285714285714,0.0
P014,background_variable,prototype,5,0.7142857142857143,1.0
P014,background_variable,prototype,6,1.0,
P014,background_variable,prototype,7,0.7142857142857143,1.0
P014,background_variable,prototype,8,0.7142857142857143,1.0
P015,background_stable,prototype,1,0.42857142857142855,1.0
P015,background_stable,prototype,2,0.5714285714285714,1.0
P015,background_stable,prototype,3,0.7142857142857143,1.0
P015,background_stable,prototype,4,1.0,1.0
P015,background_stable,prototype,5,0.8571428571428571,1.0
P015,background_stable,prototype,6,0.8571428571428571,
P015,background_stable,prototype,7,1.0,1.0
P015,background_stable,prototype,8,0.8571428571428571,1.0
P016,background_variable,prototype,1,0.5714285714285714,
P016,background_variable,prototype,2,0.7142857142857143,
P016,background_variable,prototype,3,0.5714285714285714,
P016,background_variable,prototype,4,1.0,1.0
P016,background_variable,prototype,5,0.8571428571428571,1.0
P016,background_variable,prototype,6,0.8571428571428571,1.0
P016,background_variable,prototype,7,0.7142857142857143,1.0
P016,background_variable,prototype,8,0.7142857142857143,
P017,background_stable,prototype,1,0.7142857142857143,
P017,background_stable,prototype,2,0.7142857142857143,
P017,background_stable,prototype,3,1.0,1.0
P017,background_stable,prototype,4,0.7142857142857143,1.0
P017,background_stable,prototype,5,0.8571428571428571,1.0
P017,background_stable,prototype,6,0.7142857142857143,1.0
P017,background_stable,prototype,7,0.7142857142857143,1.0
P017,background_stable,prototype,8,0.8571428571428571,
P018,background_variable,prototype,1,0.7142857142857143,1.0
P018,background_variable,prototype,2,0.8571428571428571,1.0
P018,background_variable,prototype,3,0.7142857142857143,1.0
P018,background_variable,prototype,4,1.0,
P018,background_variable,prototype,5,1.0,1.0
P018,background_variable,prototype,6,0.5714285714285714,0.0
P018,background_variable,prototype,7,0.5714285714285714,1.0
P018,background_variable,prototype,8,0.7142857142857143,1.0
P019,background_stable,prototype,1,0.7142857142857143,1.0
P019,background_stable,prototype,2,0.5714285714285714,
P019,background_stable,prototype,3,0.7142857142857143,1.0
P019,background_stable,prototype,4,0.8571428571428571,1.0
P019,background_stable,prototype,5,0.5714285714285714,
P019,background_stable,prototype,6,0.5714285714285714,1.0
P019,background_stable,prototype,7,0.8571428571428571,1.0
P019,background_stable,prototype,8,0.7142857142857143,1.0
P020,background_variable,prototype,1,0.8571428571428571,1.0
P020,background_variable,prototype,2,0.8571428571428571,1.0
P020,background_variable,prototype,3,0.7142857142857143,1.0
P020,background_variable,prototype,4,1.0,1.0
P020,background_variable,prototype,5,1.0,1.0
P020,background_variable,prototype,6,0.8571428571428571,1.0
P020,background_variable,prototype,7,1.0,1.0
P020,background_variable,prototype,8,0.7142857142857143,1.0
